api_time,greenpower,Early5Min,Early15Min,Early30Min,Early1Hour
T07:00:00+10:00,0,520,507,489,505
T07:00:00+10:00,0,522,504,488,503
T07:00:00+10:00,0,523,500,490,509
T07:00:00+10:00,0,519,513,507,497
T07:00:00+10:00,0,518,499,516,492
T07:00:00+10:00,0,520,498,518,487
T07:00:00+10:00,0,531,496,519,493
T07:00:00+10:00,0,525,503,522,489
T07:00:00+10:00,0,511,506,502,495
T07:00:00+10:00,0,508,510,496,491
T07:00:00+10:00,0,507,519,500,488
T07:00:00+10:00,0,509,521,493,487
T07:00:00+10:00,0,510,520,493,484
T07:00:00+10:00,0,507,515,500,489
T07:05:00+10:00,0,513,512,496,481
T07:05:00+10:00,0,517,523,495,489
T07:05:00+10:00,0,512,504,509,500
T07:05:00+10:00,0,514,503,502,489
T07:05:00+10:00,0,515,507,498,488
T07:05:00+10:00,0,524,517,500,490
T07:05:00+10:00,0,529,515,521,490
T07:05:00+10:00,0,528,522,520,496
T07:05:00+10:00,0,528,520,528,501
T07:05:00+10:00,0,531,519,516,501
T07:05:00+10:00,0,532,523,514,497
T07:05:00+10:00,0,492,519,493,503
T07:05:00+10:00,0,494,494,480,499
T07:05:00+10:00,0,494,490,489,527
T07:10:00+10:00,0,490,477,499,531
T07:10:00+10:00,0,496,477,484,530
T07:10:00+10:00,0,519,472,487,532
T07:10:00+10:00,0,526,479,483,536
T07:10:00+10:00,0,526,495,487,515
T07:10:00+10:00,0,526,514,481,512
T07:10:00+10:00,0,524,500,500,510
T07:10:00+10:00,0,529,510,497,510
T07:10:00+10:00,0,521,506,492,513
T07:10:00+10:00,0,508,513,496,508
T07:10:00+10:00,0,506,501,496,511
T07:10:00+10:00,0,511,512,498,509
T07:10:00+10:00,0,509,491,503,511
T07:10:00+10:00,0,501,494,496,507
T07:10:00+10:00,0,511,501,535,516
T07:15:00+10:00,0,508,513,541,519
T07:15:00+10:00,0,502,474,538,520
T07:15:00+10:00,0,506,491,539,521
T07:15:00+10:00,0,509,475,544,533
T07:15:00+10:00,0,516,472,541,519
T07:15:00+10:00,0,516,471,515,509
T07:15:00+10:00,0,518,513,515,511
T07:15:00+10:00,0,517,515,509,522
T07:15:00+10:00,0,521,523,510,529
T07:15:00+10:00,0,519,518,523,524
T07:15:00+10:00,0,510,518,510,519
T07:15:00+10:00,0,524,518,506,529
T07:15:00+10:00,0,507,526,523,508
T07:15:00+10:00,0,507,521,517,505
T07:20:00+10:00,0,505,535,511,518
T07:20:00+10:00,0,505,526,512,504
T07:20:00+10:00,0,492,528,528,510
T07:20:00+10:00,0,505,523,522,507
T07:20:00+10:00,0,496,516,525,494
T07:20:00+10:00,0,494,522,528,492
T07:20:00+10:00,0,491,529,532,503
T07:20:00+10:00,0,470,518,527,503
T07:20:00+10:00,0,464,517,517,500
T07:20:00+10:00,0,470,512,524,495
T07:20:00+10:00,0,460,516,528,508
T07:20:00+10:00,0,461,501,526,508
T07:20:00+10:00,0,457,509,529,511
T07:20:00+10:00,0,501,516,509,510
T07:25:00+10:00,0,503,514,505,518
T07:25:00+10:00,0,499,534,491,514
T07:25:00+10:00,0,504,528,498,527
T07:25:00+10:00,0,505,531,479,518
T07:25:00+10:00,0,508,537,480,516
T07:25:00+10:00,0,516,523,497,526
T07:25:00+10:00,0,518,529,503,525
T07:25:00+10:00,0,513,509,512,505
T07:25:00+10:00,0,516,512,516,505
T07:25:00+10:00,0,516,508,509,503
T07:25:00+10:00,0,481,504,510,500
T07:25:00+10:00,0,471,511,509,509
T07:25:00+10:00,0,470,483,512,502
T07:25:00+10:00,0,465,479,514,539
T07:25:00+10:00,0,471,489,516,536
T07:30:00+10:00,0,468,478,518,540
T07:30:00+10:00,0,498,489,522,540
T07:30:00+10:00,0,496,483,513,551
T07:30:00+10:00,0,485,487,511,526
T07:30:00+10:00,0,491,484,510,528
T07:30:00+10:00,0,499,489,512,514
T07:30:00+10:00,0,493,512,507,518
T07:30:00+10:00,0,483,501,509,521
T07:30:00+10:00,0,484,509,523,530
T07:30:00+10:00,0,484,521,524,506
T07:30:00+10:00,0,483,517,525,519
T07:30:00+10:00,0,500,518,526,501
T07:30:00+10:00,0,489,533,507,505
T07:30:00+10:00,0,508,522,503,501
T07:35:00+10:00,9.2219024,505,524,493,525
T07:35:00+10:00,9.2219024,500,525,496,530
T07:35:00+10:00,9.2219024,502,525,489,530
T07:35:00+10:00,9.2219024,513,520,501,530
T07:35:00+10:00,9.2219024,502,531,488,527
T07:35:00+10:00,9.2219024,504,520,488,529
T07:35:00+10:00,9.2219024,503,501,490,516
T07:35:00+10:00,9.2219024,504,499,496,508
T07:35:00+10:00,9.2219024,509,496,495,514
T07:35:00+10:00,9.2219024,503,502,500,516
T07:35:00+10:00,9.2219024,495,514,501,482
T07:35:00+10:00,9.2219024,496,497,499,458
T07:35:00+10:00,9.2219024,496,493,504,474
T07:35:00+10:00,9.2219024,494,491,510,476
T07:40:00+10:00,27.6657056,494,488,507,481
T07:40:00+10:00,27.6657056,531,496,496,492
T07:40:00+10:00,27.6657056,515,504,506,630
T07:40:00+10:00,27.6657056,518,536,504,647
T07:40:00+10:00,27.6657056,516,535,502,620
T07:40:00+10:00,27.6657056,517,535,501,619
T07:40:00+10:00,27.6657056,514,538,500,630
T07:40:00+10:00,27.6657056,530,537,523,628
T07:40:00+10:00,27.6657056,519,546,523,642
T07:40:00+10:00,27.6657056,509,524,528,612
T07:40:00+10:00,27.6657056,513,530,527,616
T07:40:00+10:00,27.6657056,518,529,539,636
T07:40:00+10:00,27.6657056,527,529,527,630
T07:40:00+10:00,27.6657056,527,527,508,627
T07:45:00+10:00,41.4985584,518,514,508,629
T07:45:00+10:00,41.4985584,520,511,508,620
T07:45:00+10:00,41.4985584,520,510,512,628
T07:45:00+10:00,41.4985584,525,506,527,625
T07:45:00+10:00,41.4985584,515,503,535,627
T07:45:00+10:00,41.4985584,526,500,554,626
T07:45:00+10:00,41.4985584,523,477,534,616
T07:45:00+10:00,41.4985584,521,473,537,615
T07:45:00+10:00,41.4985584,520,474,530,617
T07:45:00+10:00,41.4985584,517,486,530,614
T07:45:00+10:00,41.4985584,522,478,490,624
T07:45:00+10:00,41.4985584,528,487,503,627
T07:45:00+10:00,41.4985584,525,527,492,649
T07:45:00+10:00,41.4985584,523,528,508,655
T07:45:00+10:00,46.1095104,523,528,503,653
T07:50:00+10:00,46.1095104,520,525,520,659
T07:50:00+10:00,46.1095104,525,517,535,641
T07:50:00+10:00,46.1095104,538,498,519,623
T07:50:00+10:00,46.1095104,533,496,516,613
T07:50:00+10:00,46.1095104,525,497,510,622
T07:50:00+10:00,46.1095104,520,499,513,621
T07:50:00+10:00,46.1095104,514,509,544,628
T07:50:00+10:00,46.1095104,520,508,537,672
T07:50:00+10:00,46.1095104,529,516,537,674
T07:50:00+10:00,46.1095104,524,517,553,629
T07:50:00+10:00,46.1095104,517,528,538,590
T07:50:00+10:00,46.1095104,517,507,540,597
T07:50:00+10:00,46.1095104,496,511,512,556
T07:50:00+10:00,69.1642656,497,506,518,566
T07:55:00+10:00,69.1642656,514,505,510,573
T07:55:00+10:00,69.1642656,502,512,514,602
T07:55:00+10:00,69.1642656,496,520,498,602
T07:55:00+10:00,69.1642656,502,515,503,613
T07:55:00+10:00,69.1642656,486,508,505,601
T07:55:00+10:00,69.1642656,478,502,525,605
T07:55:00+10:00,69.1642656,495,512,504,606
T07:55:00+10:00,69.1642656,494,508,519,585
T07:55:00+10:00,69.1642656,480,519,516,578
T07:55:00+10:00,69.1642656,499,519,516,579
T07:55:00+10:00,69.1642656,501,515,516,578
T07:55:00+10:00,69.1642656,502,512,527,571
T07:55:00+10:00,69.1642656,511,518,518,577
T07:55:00+10:00,96.8299712,514,520,512,586
T08:00:00+10:00,96.8299712,504,526,526,583
T08:00:00+10:00,96.8299712,526,510,517,578
T08:00:00+10:00,96.8299712,527,507,514,584
T08:00:00+10:00,96.8299712,529,506,504,574
T08:00:00+10:00,96.8299712,538,498,510,557
T08:00:00+10:00,96.8299712,534,499,507,555
T08:00:00+10:00,96.8299712,506,518,523,561
T08:00:00+10:00,96.8299712,509,519,500,561
T08:00:00+10:00,96.8299712,511,527,496,556
T08:00:00+10:00,96.8299712,510,529,505,564
T08:00:00+10:00,96.8299712,528,531,503,624
T08:00:00+10:00,96.8299712,520,533,510,628
T08:00:00+10:00,96.8299712,506,534,513,637
T08:00:00+10:00,119.8847264,513,544,535,643
T08:00:00+10:00,119.8847264,512,540,537,633
T08:05:00+10:00,119.8847264,512,540,535,637
T08:05:00+10:00,119.8847264,519,540,531,625
T08:05:00+10:00,119.8847264,513,538,527,623
T08:05:00+10:00,119.8847264,509,542,526,618
T08:05:00+10:00,119.8847264,515,540,506,626
T08:05:00+10:00,119.8847264,514,486,478,618
T08:05:00+10:00,119.8847264,511,486,481,580
T08:05:00+10:00,119.8847264,521,487,486,532
T08:05:00+10:00,119.8847264,526,490,482,531
T08:05:00+10:00,119.8847264,523,491,483,537
T08:05:00+10:00,119.8847264,524,502,492,532
T08:05:00+10:00,119.8847264,533,503,585,525
T08:05:00+10:00,142.9394816,527,502,642,613
T08:05:00+10:00,142.9394816,532,501,648,595
T08:10:00+10:00,142.9394816,493,496,639,611
T08:10:00+10:00,142.9394816,488,493,681,630
T08:10:00+10:00,142.9394816,490,534,687,646
T08:10:00+10:00,142.9394816,484,544,668,648
T08:10:00+10:00,142.9394816,488,533,674,701
T08:10:00+10:00,142.9394816,497,538,685,682
T08:10:00+10:00,142.9394816,499,534,728,666
T08:10:00+10:00,142.9394816,503,529,668,654
T08:10:00+10:00,142.9394816,499,502,667,651
T08:10:00+10:00,142.9394816,501,494,675,629
T08:10:00+10:00,142.9394816,498,495,665,576
T08:10:00+10:00,142.9394816,506,481,669,591
T08:10:00+10:00,170.6051872,507,487,664,589
T08:10:00+10:00,170.6051872,509,497,666,590
T08:15:00+10:00,170.6051872,504,548,666,602
T08:15:00+10:00,170.6051872,500,536,664,664
T08:15:00+10:00,170.6051872,503,540,636,666
T08:15:00+10:00,170.6051872,512,542,646,668
T08:15:00+10:00,170.6051872,516,534,641,817
T08:15:00+10:00,170.6051872,523,512,637,824
T08:15:00+10:00,170.6051872,512,509,648,809
T08:15:00+10:00,170.6051872,518,508,621,790
T08:15:00+10:00,170.6051872,513,509,615,800
T08:15:00+10:00,170.6051872,516,507,620,805
T08:15:00+10:00,170.6051872,518,501,685,802
T08:15:00+10:00,170.6051872,526,514,656,799
T08:15:00+10:00,198.2708928,524,525,653,800
T08:15:00+10:00,198.2708928,521,526,660,770
T08:20:00+10:00,198.2708928,522,538,649,776
T08:20:00+10:00,198.2708928,516,522,646,789
T08:20:00+10:00,198.2708928,514,519,609,866
T08:20:00+10:00,198.2708928,522,509,604,801
T08:20:00+10:00,198.2708928,509,509,648,792
T08:20:00+10:00,198.2708928,514,510,659,780
T08:20:00+10:00,198.2708928,527,505,667,796
T08:20:00+10:00,198.2708928,524,511,637,788
T08:20:00+10:00,198.2708928,525,470,591,792
T08:20:00+10:00,198.2708928,539,458,605,801
T08:20:00+10:00,198.2708928,532,454,615,814
T08:20:00+10:00,198.2708928,528,459,583,795
T08:20:00+10:00,216.7146976,533,450,589,794
T08:20:00+10:00,216.7146976,531,453,567,801
T08:20:00+10:00,216.7146976,536,672,566,797
T08:25:00+10:00,216.7146976,539,681,570,826
T08:25:00+10:00,216.7146976,536,674,575,831
T08:25:00+10:00,216.7146976,538,684,572,823
T08:25:00+10:00,216.7146976,514,685,580,827
T08:25:00+10:00,216.7146976,519,685,593,823
T08:25:00+10:00,216.7146976,516,659,592,802
T08:25:00+10:00,216.7146976,513,656,596,774
T08:25:00+10:00,216.7146976,521,668,598,771
T08:25:00+10:00,216.7146976,512,718,577,738
T08:25:00+10:00,216.7146976,514,675,603,738
T08:25:00+10:00,216.7146976,507,669,598,743
T08:25:00+10:00,272.0461088,504,667,605,806
T08:25:00+10:00,272.0461088,512,668,601,821
T08:25:00+10:00,272.0461088,529,669,611,821
T08:30:00+10:00,272.0461088,509,670,607,789
T08:30:00+10:00,272.0461088,506,668,593,792
T08:30:00+10:00,272.0461088,510,685,589,805
T08:30:00+10:00,272.0461088,510,673,601,773
T08:30:00+10:00,272.0461088,508,667,593,759
T08:30:00+10:00,272.0461088,527,670,574,726
T08:30:00+10:00,272.0461088,484,665,570,721
T08:30:00+10:00,272.0461088,488,674,580,715
T08:30:00+10:00,272.0461088,477,623,586,718
T08:30:00+10:00,272.0461088,481,621,588,764
T08:30:00+10:00,272.0461088,480,618,585,774
T08:30:00+10:00,230.5475504,491,624,588,768
T08:30:00+10:00,230.5475504,532,606,588,756
T08:30:00+10:00,230.5475504,689,615,617,768
T08:35:00+10:00,230.5475504,688,637,622,774
T08:35:00+10:00,230.5475504,681,653,617,770
T08:35:00+10:00,230.5475504,694,639,641,775
T08:35:00+10:00,230.5475504,628,599,630,761
T08:35:00+10:00,230.5475504,638,593,603,766
T08:35:00+10:00,230.5475504,613,553,598,774
T08:35:00+10:00,230.5475504,621,608,602,767
T08:35:00+10:00,230.5475504,641,587,593,762
T08:35:00+10:00,230.5475504,711,588,619,757
T08:35:00+10:00,230.5475504,659,552,589,761
T08:35:00+10:00,230.5475504,667,593,639,750
T08:35:00+10:00,258.213256,659,591,639,755
T08:35:00+10:00,258.213256,663,627,648,745
T08:35:00+10:00,258.213256,657,587,660,767
T08:35:00+10:00,258.213256,654,590,657,740
T08:40:00+10:00,258.213256,669,585,613,743
T08:40:00+10:00,258.213256,674,587,602,740
T08:40:00+10:00,258.213256,651,606,588,729
T08:40:00+10:00,258.213256,654,621,592,718
T08:40:00+10:00,258.213256,650,606,600,722
T08:40:00+10:00,258.213256,673,610,594,723
T08:40:00+10:00,258.213256,693,625,598,705
T08:40:00+10:00,258.213256,711,613,586,721
T08:40:00+10:00,258.213256,698,612,580,741
T08:40:00+10:00,258.213256,705,615,585,773
T08:40:00+10:00,345.8213264,705,623,564,770
T08:40:00+10:00,345.8213264,664,613,562,774
T08:40:00+10:00,345.8213264,667,610,638,777
T08:40:00+10:00,345.8213264,676,605,764,777
T08:45:00+10:00,345.8213264,672,605,776,803
T08:45:00+10:00,345.8213264,616,602,770,952
T08:45:00+10:00,345.8213264,621,602,804,954
T08:45:00+10:00,345.8213264,614,603,776,988
T08:45:00+10:00,345.8213264,662,606,802,998
T08:45:00+10:00,345.8213264,672,602,812,1026
T08:45:00+10:00,345.8213264,656,616,813,1005
T08:45:00+10:00,345.8213264,638,617,836,975
T08:45:00+10:00,345.8213264,656,613,830,956
T08:45:00+10:00,345.8213264,638,614,762,960
T08:45:00+10:00,382.7089344,639,610,792,966
T08:45:00+10:00,382.7089344,634,575,812,954
T08:45:00+10:00,382.7089344,645,570,770,958
T08:45:00+10:00,382.7089344,636,571,774,928
T08:50:00+10:00,382.7089344,621,572,790,915
T08:50:00+10:00,382.7089344,607,577,845,918
T08:50:00+10:00,382.7089344,617,614,842,910
T08:50:00+10:00,382.7089344,626,616,856,917
T08:50:00+10:00,382.7089344,615,616,873,923
T08:50:00+10:00,382.7089344,617,620,871,912
T08:50:00+10:00,382.7089344,624,622,811,915
T08:50:00+10:00,382.7089344,622,624,798,924
T08:50:00+10:00,382.7089344,619,602,801,956
T08:50:00+10:00,382.7089344,543,604,739,935
T08:50:00+10:00,424.2074928,530,577,701,948
T08:50:00+10:00,424.2074928,551,537,732,931
T08:50:00+10:00,424.2074928,557,557,728,892
T08:50:00+10:00,424.2074928,559,554,730,891
T08:50:00+10:00,424.2074928,557,539,711,809
T08:55:00+10:00,424.2074928,553,528,692,791
T08:55:00+10:00,424.2074928,551,533,697,825
T08:55:00+10:00,424.2074928,574,529,726,797
T08:55:00+10:00,424.2074928,542,551,710,758
T08:55:00+10:00,424.2074928,544,561,667,831
T08:55:00+10:00,424.2074928,545,563,666,795
T08:55:00+10:00,424.2074928,554,566,634,826
T08:55:00+10:00,424.2074928,542,570,684,854
T08:55:00+10:00,424.2074928,561,566,687,821
T08:55:00+10:00,497.9827088,564,565,736,843
T08:55:00+10:00,497.9827088,559,555,746,851
T08:55:00+10:00,497.9827088,573,542,711,852
T08:55:00+10:00,497.9827088,565,546,726,858
T08:55:00+10:00,497.9827088,562,561,686,871
T09:00:00+10:00,497.9827088,536,629,697,851
T09:00:00+10:00,497.9827088,537,724,682,832
T09:00:00+10:00,497.9827088,534,723,695,813
T09:00:00+10:00,497.9827088,528,720,659,812
T09:00:00+10:00,497.9827088,533,744,701,796
T09:00:00+10:00,497.9827088,531,744,696,772
T09:00:00+10:00,497.9827088,522,765,708,764
T09:00:00+10:00,497.9827088,524,723,698,762
T09:00:00+10:00,497.9827088,554,735,702,804
T09:00:00+10:00,590.2017296,546,743,724,800
T09:00:00+10:00,590.2017296,588,727,747,796
T09:00:00+10:00,590.2017296,593,709,737,800
T09:00:00+10:00,590.2017296,599,775,735,803
T09:00:00+10:00,590.2017296,596,744,739,849
T09:05:00+10:00,590.2017296,598,758,701,836
T09:05:00+10:00,590.2017296,580,747,731,854
T09:05:00+10:00,590.2017296,579,729,738,853
T09:05:00+10:00,590.2017296,579,711,750,874
T09:05:00+10:00,590.2017296,587,708,745,808
T09:05:00+10:00,590.2017296,580,723,749,802
T09:05:00+10:00,590.2017296,579,714,718,833
T09:05:00+10:00,590.2017296,579,700,675,803
T09:05:00+10:00,590.2017296,578,707,708,796
T09:05:00+10:00,677.8097984,586,710,705,817
T09:05:00+10:00,677.8097984,570,704,698,798
T09:05:00+10:00,677.8097984,578,730,707,805
T09:05:00+10:00,677.8097984,579,715,712,823
T09:05:00+10:00,677.8097984,632,717,706,819
T09:10:00+10:00,677.8097984,744,718,708,809
T09:10:00+10:00,677.8097984,773,713,726,820
T09:10:00+10:00,677.8097984,771,698,706,809
T09:10:00+10:00,677.8097984,777,680,718,803
T09:10:00+10:00,677.8097984,752,694,678,747
T09:10:00+10:00,677.8097984,774,674,674,748
T09:10:00+10:00,677.8097984,783,657,675,757
T09:10:00+10:00,677.8097984,785,616,672,772
T09:10:00+10:00,677.8097984,801,607,686,785
T09:10:00+10:00,751.5850144,778,599,709,798
T09:10:00+10:00,751.5850144,771,666,857,788
T09:10:00+10:00,751.5850144,755,672,863,955
T09:10:00+10:00,751.5850144,806,671,871,964
T09:10:00+10:00,751.5850144,737,668,891,1030
T09:10:00+10:00,751.5850144,730,702,905,987
T09:15:00+10:00,751.5850144,730,663,897,1055
T09:15:00+10:00,751.5850144,726,679,892,1087
T09:15:00+10:00,751.5850144,756,682,877,1041
T09:15:00+10:00,751.5850144,760,661,915,1033
T09:15:00+10:00,751.5850144,769,657,915,1116
T09:15:00+10:00,751.5850144,767,653,923,1026
T09:15:00+10:00,751.5850144,752,637,907,1084
T09:15:00+10:00,751.5850144,815,662,915,1002
T09:15:00+10:00,857.636888,820,675,932,1027
T09:15:00+10:00,857.636888,811,701,930,1063
T09:15:00+10:00,857.636888,827,710,936,1043
T09:15:00+10:00,857.636888,854,696,898,1032
T09:15:00+10:00,857.636888,767,687,887,1065
T09:15:00+10:00,857.636888,779,675,868,963
T09:20:00+10:00,857.636888,766,676,864,949
T09:20:00+10:00,857.636888,742,689,859,964
T09:20:00+10:00,857.636888,718,690,856,1011
T09:20:00+10:00,857.636888,743,689,867,1087
T09:20:00+10:00,857.636888,724,688,869,1134
T09:20:00+10:00,857.636888,695,706,829,1170
T09:20:00+10:00,857.636888,619,675,879,1270
T09:20:00+10:00,857.636888,632,687,865,1250
T09:20:00+10:00,936.0230544,651,680,866,1166
T09:20:00+10:00,936.0230544,682,684,888,1140
T09:20:00+10:00,936.0230544,718,719,890,1112
T09:20:00+10:00,936.0230544,707,700,852,1077
T09:20:00+10:00,936.0230544,650,702,840,1027
T09:20:00+10:00,936.0230544,747,692,827,1000
T09:25:00+10:00,936.0230544,689,686,790,968
T09:25:00+10:00,936.0230544,676,690,836,1002
T09:25:00+10:00,936.0230544,638,691,794,1065
T09:25:00+10:00,936.0230544,610,683,854,1057
T09:25:00+10:00,936.0230544,611,694,823,1032
T09:25:00+10:00,936.0230544,617,695,853,1054
T09:25:00+10:00,936.0230544,621,696,813,1026
T09:25:00+10:00,936.0230544,634,682,831,1036
T09:25:00+10:00,982.1325648,653,674,847,1012
T09:25:00+10:00,982.1325648,661,631,836,982
T09:25:00+10:00,982.1325648,654,667,828,991
T09:25:00+10:00,982.1325648,685,795,819,996
T09:25:00+10:00,982.1325648,735,794,812,987
T09:25:00+10:00,982.1325648,719,821,783,1024
T09:25:00+10:00,982.1325648,734,799,779,996
T09:30:00+10:00,982.1325648,737,878,775,996
T09:30:00+10:00,982.1325648,693,875,752,1033
T09:30:00+10:00,982.1325648,700,877,746,998
T09:30:00+10:00,982.1325648,665,847,779,967
T09:30:00+10:00,982.1325648,646,871,800,968
T09:30:00+10:00,982.1325648,643,861,792,1003
T09:30:00+10:00,982.1325648,628,882,801,1009
T09:30:00+10:00,1023.631123,613,859,821,989
T09:30:00+10:00,1023.631123,640,858,834,1008
T09:30:00+10:00,1023.631123,636,848,838,1011
T09:30:00+10:00,1023.631123,699,852,809,983
T09:30:00+10:00,1023.631123,667,832,863,924
T09:30:00+10:00,1023.631123,703,825,842,949
T09:30:00+10:00,1023.631123,660,835,831,953
T09:35:00+10:00,1023.631123,609,792,847,945
T09:35:00+10:00,1023.631123,609,777,836,907
T09:35:00+10:00,1023.631123,612,814,824,891
T09:35:00+10:00,1023.631123,596,842,791,908
T09:35:00+10:00,1023.631123,620,826,819,880
T09:35:00+10:00,1023.631123,595,820,818,920
T09:35:00+10:00,1023.631123,639,829,818,892
T09:35:00+10:00,1069.740634,632,829,816,958
T09:35:00+10:00,1069.740634,630,829,836,952
T09:35:00+10:00,1069.740634,639,817,808,977
T09:35:00+10:00,1069.740634,757,747,807,954
T09:35:00+10:00,1069.740634,796,799,791,933
T09:35:00+10:00,1069.740634,816,759,796,931
T09:35:00+10:00,1069.740634,860,770,802,914
T09:40:00+10:00,1069.740634,870,758,795,927
T09:40:00+10:00,1069.740634,881,747,779,923
T09:40:00+10:00,1069.740634,875,775,792,916
T09:40:00+10:00,1069.740634,876,795,855,932
T09:40:00+10:00,1069.740634,889,832,956,965
T09:40:00+10:00,1069.740634,923,892,951,1054
T09:40:00+10:00,1069.740634,899,851,950,1042
T09:40:00+10:00,1102.017291,896,842,960,1017
T09:40:00+10:00,1102.017291,875,848,992,1024
T09:40:00+10:00,1102.017291,860,766,934,1020
T09:40:00+10:00,1102.017291,827,783,949,983
T09:40:00+10:00,1102.017291,819,811,939,944
T09:40:00+10:00,1102.017291,838,820,991,970
T09:40:00+10:00,1102.017291,811,756,968,956
T09:45:00+10:00,1102.017291,797,770,975,966
T09:45:00+10:00,1102.017291,846,762,971,978
T09:45:00+10:00,1102.017291,846,740,940,1027
T09:45:00+10:00,1102.017291,881,741,941,1041
T09:45:00+10:00,1102.017291,860,735,969,1051
T09:45:00+10:00,1102.017291,870,729,972,1052
T09:45:00+10:00,1102.017291,871,732,1001,1077
T09:45:00+10:00,1125.072046,817,743,981,1130
T09:45:00+10:00,1125.072046,785,789,998,1112
T09:45:00+10:00,1125.072046,780,747,996,1123
T09:45:00+10:00,1125.072046,787,787,984,1157
T09:45:00+10:00,1125.072046,882,774,908,1100
T09:45:00+10:00,1125.072046,872,777,916,984
T09:45:00+10:00,1125.072046,874,763,933,1012
T09:45:00+10:00,1125.072046,889,750,1017,951
T09:50:00+10:00,1125.072046,858,742,988,990
T09:50:00+10:00,1125.072046,892,749,985,999
T09:50:00+10:00,1125.072046,887,774,969,1005
T09:50:00+10:00,1125.072046,880,797,1010,1059
T09:50:00+10:00,1125.072046,914,814,939,1066
T09:50:00+10:00,1125.072046,877,816,1015,1104
T09:50:00+10:00,1157.348702,883,822,1017,1105
T09:50:00+10:00,1157.348702,873,814,1039,1117
T09:50:00+10:00,1157.348702,833,797,1036,1105
T09:50:00+10:00,1157.348702,855,777,1039,1162
T09:50:00+10:00,1157.348702,828,767,1022,1111
T09:50:00+10:00,1157.348702,806,779,1019,1084
T09:50:00+10:00,1157.348702,835,777,1026,1073
T09:50:00+10:00,1157.348702,827,786,994,1074
T09:55:00+10:00,1157.348702,812,813,968,1017
T09:55:00+10:00,1157.348702,829,821,943,1019
T09:55:00+10:00,1157.348702,840,814,986,1038
T09:55:00+10:00,1157.348702,815,771,982,1052
T09:55:00+10:00,1157.348702,776,784,961,1024
T09:55:00+10:00,1157.348702,796,771,962,983
T09:55:00+10:00,1180.403458,790,933,979,964
T09:55:00+10:00,1180.403458,785,962,989,969
T09:55:00+10:00,1180.403458,784,1001,955,973
T09:55:00+10:00,1180.403458,767,1001,937,1002
T09:55:00+10:00,1180.403458,789,1007,926,1013
T09:55:00+10:00,1180.403458,760,1010,945,1028
T09:55:00+10:00,1180.403458,764,924,925,1006
T09:55:00+10:00,1180.403458,760,928,1040,1023
T10:00:00+10:00,1180.403458,789,916,1106,1003
T10:00:00+10:00,1180.403458,772,932,1103,1009
T10:00:00+10:00,1180.403458,762,957,1114,1024
T10:00:00+10:00,1180.403458,764,956,1133,1057
T10:00:00+10:00,1180.403458,763,1026,1172,1033
T10:00:00+10:00,1180.403458,768,1032,1088,1053
T10:00:00+10:00,1217.291066,736,1027,1121,1096
T10:00:00+10:00,1217.291066,773,1026,1094,1111
T10:00:00+10:00,1217.291066,788,1019,1055,1002
T10:00:00+10:00,1217.291066,790,972,1066,1020
T10:00:00+10:00,1217.291066,785,977,1094,1033
T10:00:00+10:00,1217.291066,758,980,1050,1000
T10:00:00+10:00,1217.291066,772,969,1029,996
T10:00:00+10:00,1217.291066,807,997,1107,1023
T10:00:00+10:00,1217.291066,765,987,1132,1063
T10:05:00+10:00,1217.291066,742,1002,1151,1074
T10:05:00+10:00,1217.291066,751,1004,1069,1065
T10:05:00+10:00,1217.291066,753,1020,1057,1059
T10:05:00+10:00,1217.291066,788,977,1026,1089
T10:05:00+10:00,1217.291066,772,996,969,1049
T10:05:00+10:00,1244.956773,950,928,980,1093
T10:05:00+10:00,1244.956773,975,968,980,1060
T10:05:00+10:00,1244.956773,984,923,978,1093
T10:05:00+10:00,1244.956773,993,935,1008,1110
T10:05:00+10:00,1244.956773,973,931,996,1070
T10:05:00+10:00,1244.956773,950,996,982,1105
T10:05:00+10:00,1244.956773,937,934,968,1064
T10:05:00+10:00,1244.956773,934,931,963,1109
T10:05:00+10:00,1244.956773,958,881,973,1014
T10:10:00+10:00,1244.956773,965,902,988,1072
T10:10:00+10:00,1244.956773,983,892,1027,989
T10:10:00+10:00,1244.956773,988,933,1029,959
T10:10:00+10:00,1244.956773,1037,962,1109,970
T10:10:00+10:00,1244.956773,1054,960,957,995
T10:10:00+10:00,1272.622478,1039,935,940,1018
T10:10:00+10:00,1272.622478,1018,972,960,1068
T10:10:00+10:00,1272.622478,972,1003,954,1186
T10:10:00+10:00,1272.622478,904,1040,982,1177
T10:10:00+10:00,1272.622478,884,1072,974,1161
T10:10:00+10:00,1272.622478,888,1115,985,1135
T10:10:00+10:00,1272.622478,915,1101,1006,1113
T10:10:00+10:00,1272.622478,905,1098,985,1065
T10:10:00+10:00,1272.622478,918,1090,971,1087
T10:15:00+10:00,1272.622478,895,1042,973,1045
T10:15:00+10:00,1272.622478,884,1022,956,1036
T10:15:00+10:00,1272.622478,900,1015,962,1098
T10:15:00+10:00,1272.622478,880,1012,955,1023
T10:15:00+10:00,1272.622478,891,1023,943,1056
T10:15:00+10:00,1286.455331,893,1035,946,1090
T10:15:00+10:00,1286.455331,880,1038,893,1076
T10:15:00+10:00,1286.455331,859,1108,945,1102
T10:15:00+10:00,1286.455331,865,1106,1003,1080
T10:15:00+10:00,1286.455331,928,1076,1064,1066
T10:15:00+10:00,1286.455331,924,1063,1043,1082
T10:15:00+10:00,1286.455331,900,1062,1068,1103
T10:15:00+10:00,1286.455331,899,1106,1041,1023
T10:15:00+10:00,1286.455331,895,1097,1003,1072
T10:15:00+10:00,1286.455331,903,1063,1005,1118
T10:20:00+10:00,1286.455331,897,1083,986,1064
T10:20:00+10:00,1286.455331,901,998,998,1082
T10:20:00+10:00,1286.455331,917,938,968,1072
T10:20:00+10:00,1286.455331,922,938,1044,1089
T10:20:00+10:00,1304.899136,937,993,1095,1049
T10:20:00+10:00,1304.899136,1004,986,1057,1032
T10:20:00+10:00,1304.899136,1040,1023,1074,1010
T10:20:00+10:00,1304.899136,1026,1040,1076,1065
T10:20:00+10:00,1304.899136,1013,1077,1066,1042
T10:20:00+10:00,1304.899136,971,1073,1073,1075
T10:20:00+10:00,1304.899136,919,1129,1097,1138
T10:20:00+10:00,1304.899136,934,1147,1095,1072
T10:20:00+10:00,1304.899136,929,1005,1084,1106
T10:20:00+10:00,1304.899136,927,992,1096,1058
T10:25:00+10:00,1304.899136,938,977,1064,1044
T10:25:00+10:00,1304.899136,925,952,1092,956
T10:25:00+10:00,1304.899136,903,953,1175,961
T10:25:00+10:00,1304.899136,849,955,1183,1039
T10:25:00+10:00,1332.564842,858,1000,1168,1076
T10:25:00+10:00,1332.564842,913,1086,1144,1033
T10:25:00+10:00,1332.564842,912,1110,1175,1040
T10:25:00+10:00,1332.564842,907,1101,1151,1056
T10:25:00+10:00,1332.564842,885,1081,1134,1011
T10:25:00+10:00,1332.564842,960,1099,1137,1017
T10:25:00+10:00,1332.564842,889,1060,1142,1020
T10:25:00+10:00,1332.564842,881,1080,1107,1015
T10:25:00+10:00,1332.564842,897,1033,1045,1005
T10:25:00+10:00,1332.564842,899,1073,974,991
T10:30:00+10:00,1332.564842,925,1045,955,1062
T10:30:00+10:00,1332.564842,870,1069,960,1071
T10:30:00+10:00,1332.564842,952,1056,971,1085
T10:30:00+10:00,1332.564842,915,1001,1051,1085
T10:30:00+10:00,1369.45245,949,1012,1032,1098
T10:30:00+10:00,1369.45245,989,1109,1051,1098
T10:30:00+10:00,1369.45245,981,1064,1023,1086
T10:30:00+10:00,1369.45245,962,1048,1044,1122
T10:30:00+10:00,1369.45245,1013,1051,979,1121
T10:30:00+10:00,1369.45245,1031,1052,957,1099
T10:30:00+10:00,1369.45245,988,1046,979,1078
T10:30:00+10:00,1369.45245,935,1030,974,1049
T10:30:00+10:00,1369.45245,922,1016,965,1010
T10:30:00+10:00,1369.45245,950,1022,963,1021
T10:35:00+10:00,1369.45245,962,1040,985,998
T10:35:00+10:00,1369.45245,919,1062,1041,1031
T10:35:00+10:00,1369.45245,993,1070,1023,1036
T10:35:00+10:00,1369.45245,944,1050,1040,1060
T10:35:00+10:00,1383.285302,992,1067,1017,1062
T10:35:00+10:00,1383.285302,960,1079,991,1081
T10:35:00+10:00,1383.285302,957,1091,997,1073
T10:35:00+10:00,1383.285302,970,1090,991,1039
T10:35:00+10:00,1383.285302,951,1041,978,1067
T10:35:00+10:00,1383.285302,921,1051,984,1066
T10:35:00+10:00,1383.285302,947,1005,1005,1078
T10:35:00+10:00,1383.285302,982,1003,1034,1039
T10:35:00+10:00,1383.285302,952,1006,1037,1121
T10:35:00+10:00,1383.285302,976,991,1026,1041
T10:35:00+10:00,1383.285302,1008,882,1001,1003
T10:40:00+10:00,1383.285302,1008,992,1018,1018
T10:40:00+10:00,1383.285302,1042,1071,1002,996
T10:40:00+10:00,1383.285302,1062,1086,978,983
T10:40:00+10:00,1406.340058,1065,1093,1015,976
T10:40:00+10:00,1406.340058,1066,1107,1012,971
T10:40:00+10:00,1406.340058,1063,1109,1016,1011
T10:40:00+10:00,1406.340058,1065,1110,1041,997
T10:40:00+10:00,1406.340058,979,1119,1032,993
T10:40:00+10:00,1406.340058,962,1070,1053,1017
T10:40:00+10:00,1406.340058,974,1094,993,1017
T10:40:00+10:00,1406.340058,951,1101,1004,1066
T10:40:00+10:00,1406.340058,958,1054,962,1036
T10:40:00+10:00,1406.340058,956,1077,963,1090
T10:40:00+10:00,1406.340058,1048,1092,1017,997
T10:45:00+10:00,1406.340058,1072,1039,1039,1076
T10:45:00+10:00,1406.340058,1081,1068,1045,1018
T10:45:00+10:00,1406.340058,1068,1024,1054,1046
T10:45:00+10:00,1406.340058,1079,1019,1063,977
T10:45:00+10:00,1406.340058,1093,970,1034,941
T10:45:00+10:00,1406.340058,1080,971,1024,940
T10:45:00+10:00,1406.340058,1074,964,985,974
T10:45:00+10:00,1406.340058,1070,934,1011,1066
T10:45:00+10:00,1406.340058,1060,942,988,1123
T10:45:00+10:00,1406.340058,1035,936,1039,1088
T10:45:00+10:00,1406.340058,1015,980,1002,1104
T10:45:00+10:00,1406.340058,993,980,1069,1106
T10:45:00+10:00,1406.340058,932,974,1059,987
T10:45:00+10:00,1406.340058,963,983,1060,991
T10:50:00+10:00,1406.340058,959,963,1006,1023
T10:50:00+10:00,1406.340058,915,1017,1027,986
T10:50:00+10:00,1406.340058,927,1079,1072,968
T10:50:00+10:00,1429.394813,926,1085,1061,981
T10:50:00+10:00,1429.394813,939,1069,1067,989
T10:50:00+10:00,1429.394813,952,1015,1079,982
T10:50:00+10:00,1429.394813,953,1019,1108,941
T10:50:00+10:00,1429.394813,969,1030,1052,934
T10:50:00+10:00,1429.394813,1010,1049,1104,942
T10:50:00+10:00,1429.394813,1002,1055,1067,964
T10:50:00+10:00,1429.394813,1004,1013,1086,1132
T10:50:00+10:00,1429.394813,1012,983,1086,1109
T10:50:00+10:00,1429.394813,1017,977,1063,1113
T10:50:00+10:00,1429.394813,913,1006,1012,1129
T10:50:00+10:00,1429.394813,934,1009,1062,1143
T10:55:00+10:00,1429.394813,939,978,1050,1070
T10:55:00+10:00,1429.394813,957,976,1073,1068
T10:55:00+10:00,1438.616715,1014,1005,1061,1064
T10:55:00+10:00,1438.616715,1009,1025,1044,1067
T10:55:00+10:00,1438.616715,989,1010,1052,1069
T10:55:00+10:00,1438.616715,990,1010,1072,1045
T10:55:00+10:00,1438.616715,988,1012,1056,947
T10:55:00+10:00,1438.616715,879,1067,1057,954
T10:55:00+10:00,1438.616715,924,1049,1044,948
T10:55:00+10:00,1438.616715,933,1036,1121,930
T10:55:00+10:00,1438.616715,961,985,1089,965
T10:55:00+10:00,1438.616715,964,1067,1117,975
T10:55:00+10:00,1438.616715,997,1043,1129,997
T10:55:00+10:00,1438.616715,990,1029,1078,1021
T11:00:00+10:00,1438.616715,964,1036,994,1025
T11:00:00+10:00,1438.616715,995,1040,1022,1011
T11:00:00+10:00,1457.060518,996,1040,988,1053
T11:00:00+10:00,1457.060518,973,1044,987,926
T11:00:00+10:00,1457.060518,970,1049,1011,974
T11:00:00+10:00,1457.060518,949,1130,986,1026
T11:00:00+10:00,1457.060518,916,1105,968,1024
T11:00:00+10:00,1457.060518,906,1091,1003,1015
T11:00:00+10:00,1457.060518,950,1078,971,1004
T11:00:00+10:00,1457.060518,963,1014,979,1019
T11:00:00+10:00,1457.060518,949,990,972,1029
T11:00:00+10:00,1457.060518,988,991,996,1000
T11:00:00+10:00,1457.060518,1051,990,1084,996
T11:00:00+10:00,1457.060518,1072,995,1115,990
T11:05:00+10:00,1457.060518,972,1055,1099,968
T11:05:00+10:00,1457.060518,975,1026,1130,995
T11:05:00+10:00,1466.282421,922,1065,1130,1044
T11:05:00+10:00,1466.282421,955,1087,1062,1012
T11:05:00+10:00,1466.282421,966,1063,975,984
T11:05:00+10:00,1466.282421,1033,1072,986,986
T11:05:00+10:00,1466.282421,999,1019,966,1062
T11:05:00+10:00,1466.282421,1006,994,985,1057
T11:05:00+10:00,1466.282421,977,991,949,1008
T11:05:00+10:00,1466.282421,965,996,995,1043
T11:05:00+10:00,1466.282421,1031,987,969,1049
T11:05:00+10:00,1466.282421,1048,1009,997,957
T11:05:00+10:00,1466.282421,1058,968,976,960
T11:05:00+10:00,1466.282421,1024,953,985,966
T11:05:00+10:00,1466.282421,1035,1021,1010,972
T11:10:00+10:00,1466.282421,1035,1045,1049,962
T11:10:00+10:00,1466.282421,961,995,1050,963
T11:10:00+10:00,1466.282421,996,1009,1048,970
T11:10:00+10:00,1466.282421,993,1038,1063,941
T11:10:00+10:00,1466.282421,980,1022,1032,956
T11:10:00+10:00,1466.282421,974,1035,962,959
T11:10:00+10:00,1466.282421,948,1021,927,977
T11:10:00+10:00,1466.282421,1006,1008,911,995
T11:10:00+10:00,1466.282421,1029,1028,925,1026
T11:10:00+10:00,1466.282421,994,1019,944,1046
T11:10:00+10:00,1466.282421,971,992,969,1045
T11:10:00+10:00,1466.282421,966,994,1039,1040
T11:10:00+10:00,1466.282421,957,1009,1095,981
T11:10:00+10:00,1466.282421,1021,983,1089,978
T11:15:00+10:00,1466.282421,996,966,1086,989
T11:15:00+10:00,1466.282421,1042,960,1116,990
T11:15:00+10:00,1466.282421,1038,1003,1014,982
T11:15:00+10:00,1466.282421,1054,973,1025,995
T11:15:00+10:00,1466.282421,1018,885,999,976
T11:15:00+10:00,1466.282421,960,896,1038,978
T11:15:00+10:00,1466.282421,916,988,1042,972
T11:15:00+10:00,1466.282421,927,1067,1079,966
T11:15:00+10:00,1466.282421,957,1066,1071,961
T11:15:00+10:00,1466.282421,994,1062,1080,974
T11:15:00+10:00,1466.282421,1001,1060,1084,994
T11:15:00+10:00,1466.282421,1006,1030,1078,1053
T11:15:00+10:00,1466.282421,983,1016,1056,1094
T11:15:00+10:00,1466.282421,1026,1021,970,1085
T11:20:00+10:00,1466.282421,1017,999,976,1135
T11:20:00+10:00,1475.504323,1047,994,973,1094
T11:20:00+10:00,1475.504323,1031,1004,970,1016
T11:20:00+10:00,1475.504323,1053,1067,1005,995
T11:20:00+10:00,1475.504323,1004,1086,1034,993
T11:20:00+10:00,1475.504323,992,1066,1084,1006
T11:20:00+10:00,1475.504323,996,1061,1080,984
T11:20:00+10:00,1475.504323,1055,1026,1049,1094
T11:20:00+10:00,1475.504323,1063,1107,1029,1106
T11:20:00+10:00,1475.504323,1064,1165,1030,1140
T11:20:00+10:00,1475.504323,1079,1183,976,1131
T11:20:00+10:00,1475.504323,1075,1228,975,1115
T11:20:00+10:00,1475.504323,1082,1201,1043,1119
T11:20:00+10:00,1475.504323,989,1155,1027,1053
T11:25:00+10:00,1475.504323,962,1122,1028,1059
T11:25:00+10:00,1498.559078,1007,1060,1001,1073
T11:25:00+10:00,1498.559078,1023,1046,998,1068
T11:25:00+10:00,1498.559078,1048,1077,1041,1075
T11:25:00+10:00,1498.559078,1042,1121,1044,1039
T11:25:00+10:00,1498.559078,1040,1025,1017,1053
T11:25:00+10:00,1498.559078,1011,1037,1057,1034
T11:25:00+10:00,1498.559078,973,1047,1006,1006
T11:25:00+10:00,1498.559078,969,1036,1035,1006
T11:25:00+10:00,1498.559078,1013,1001,1003,1011
T11:25:00+10:00,1498.559078,1000,979,1030,1074
T11:25:00+10:00,1498.559078,1002,1032,1021,1071
T11:25:00+10:00,1498.559078,1020,1026,1037,1069
T11:25:00+10:00,1498.559078,1082,1037,999,1053
T11:25:00+10:00,1498.559078,1083,1009,987,1064
T11:30:00+10:00,1517.002882,1059,1007,978,1072
T11:30:00+10:00,1517.002882,1056,1000,992,1059
T11:30:00+10:00,1517.002882,1092,1008,977,1074
T11:30:00+10:00,1517.002882,991,1010,1029,1090
T11:30:00+10:00,1517.002882,999,999,1061,1085
T11:30:00+10:00,1517.002882,1015,1010,1078,1114
T11:30:00+10:00,1517.002882,992,1018,1083,1009
T11:30:00+10:00,1517.002882,991,1075,1099,1056
T11:30:00+10:00,1517.002882,968,1071,1098,1082
T11:30:00+10:00,1517.002882,924,1094,1114,995
T11:30:00+10:00,1517.002882,969,1091,1101,980
T11:30:00+10:00,1517.002882,1012,1018,1087,961
T11:30:00+10:00,1517.002882,1009,1060,1073,990
T11:30:00+10:00,1517.002882,1016,1079,1078,994
T11:35:00+10:00,1512.391931,1019,1075,1063,994
T11:35:00+10:00,1512.391931,1020,1093,1078,975
T11:35:00+10:00,1512.391931,971,1124,1101,992
T11:35:00+10:00,1512.391931,956,1002,1090,981
T11:35:00+10:00,1512.391931,939,1016,1111,982
T11:35:00+10:00,1512.391931,925,1004,1131,961
T11:35:00+10:00,1512.391931,1003,1005,1115,953
T11:35:00+10:00,1512.391931,1007,1013,1081,955
T11:35:00+10:00,1512.391931,1015,1017,1019,971
T11:35:00+10:00,1512.391931,1061,987,1028,956
T11:35:00+10:00,1512.391931,1054,998,975,998
T11:35:00+10:00,1512.391931,1044,969,973,1012
T11:35:00+10:00,1512.391931,1004,903,1034,999
T11:35:00+10:00,1512.391931,1021,927,972,1029
T11:40:00+10:00,1530.835734,1015,1016,953,1018
T11:40:00+10:00,1530.835734,1007,1037,989,1022
T11:40:00+10:00,1530.835734,943,1033,968,1034
T11:40:00+10:00,1530.835734,955,1021,980,1002
T11:40:00+10:00,1530.835734,930,1031,1030,977
T11:40:00+10:00,1530.835734,937,1033,1020,971
T11:40:00+10:00,1530.835734,924,1035,1017,993
T11:40:00+10:00,1530.835734,929,1035,1020,958
T11:40:00+10:00,1530.835734,929,1101,1011,954
T11:40:00+10:00,1530.835734,942,1112,1024,946
T11:40:00+10:00,1530.835734,940,1082,1083,975
T11:40:00+10:00,1530.835734,921,1044,1053,1057
T11:40:00+10:00,1530.835734,959,1097,1068,1060
T11:40:00+10:00,1530.835734,946,1076,1102,1086
T11:40:00+10:00,1526.224784,1012,1026,1079,1093
T11:45:00+10:00,1526.224784,1017,1004,1060,1082
T11:45:00+10:00,1526.224784,1058,1011,1077,1083
T11:45:00+10:00,1526.224784,1060,983,1068,1050
T11:45:00+10:00,1526.224784,1079,1001,1084,1050
T11:45:00+10:00,1526.224784,997,1046,1034,1052
T11:45:00+10:00,1526.224784,988,1013,1047,1016
T11:45:00+10:00,1526.224784,978,981,1092,1043
T11:45:00+10:00,1526.224784,963,1029,1101,1053
T11:45:00+10:00,1526.224784,945,1097,1098,1108
T11:45:00+10:00,1526.224784,895,1094,1136,1125
T11:45:00+10:00,1526.224784,887,1130,1058,1144
T11:45:00+10:00,1526.224784,900,1118,1069,1120
T11:45:00+10:00,1526.224784,934,1095,1046,1108
T11:45:00+10:00,1544.668587,936,1076,1045,1083
T11:50:00+10:00,1544.668587,917,1122,1001,1015
T11:50:00+10:00,1544.668587,940,1035,994,1015
T11:50:00+10:00,1544.668587,933,1069,1019,1008
T11:50:00+10:00,1544.668587,934,1080,1071,1036
T11:50:00+10:00,1544.668587,958,1006,1061,1006
T11:50:00+10:00,1544.668587,952,972,1030,1006
T11:50:00+10:00,1544.668587,972,971,1010,1024
T11:50:00+10:00,1544.668587,977,979,939,1026
T11:50:00+10:00,1544.668587,1009,1001,959,1040
T11:50:00+10:00,1544.668587,1005,999,993,1024
T11:50:00+10:00,1544.668587,973,1006,975,1026
T11:50:00+10:00,1544.668587,981,1076,1030,1038
T11:50:00+10:00,1544.668587,1002,1100,1032,1039
T11:50:00+10:00,1530.835734,1022,1094,1091,990
T11:55:00+10:00,1530.835734,1021,1108,1090,996
T11:55:00+10:00,1530.835734,981,1087,1103,959
T11:55:00+10:00,1530.835734,1006,984,1064,974
T11:55:00+10:00,1530.835734,998,1003,1087,991
T11:55:00+10:00,1530.835734,1030,993,991,1018
T11:55:00+10:00,1530.835734,1019,991,1015,987
T11:55:00+10:00,1530.835734,1032,1007,969,1043
T11:55:00+10:00,1530.835734,1004,1003,1022,1036
T11:55:00+10:00,1530.835734,993,1101,1000,1026
T11:55:00+10:00,1530.835734,934,1074,980,1020
T11:55:00+10:00,1530.835734,902,1101,993,1033
T11:55:00+10:00,1530.835734,923,1098,1004,1012
T11:55:00+10:00,1530.835734,948,1062,971,995
T11:55:00+10:00,1553.89049,954,1023,973,1005
T12:00:00+10:00,1553.89049,994,1008,948,1032
T12:00:00+10:00,1553.89049,1051,1039,1026,1076
T12:00:00+10:00,1553.89049,1030,1045,1038,1067
T12:00:00+10:00,1553.89049,1028,1037,1010,1074
T12:00:00+10:00,1553.89049,1038,1011,1005,1117
T12:00:00+10:00,1553.89049,1056,986,1031,1082
T12:00:00+10:00,1553.89049,1058,979,1032,1082
T12:00:00+10:00,1553.89049,1065,987,955,1088
T12:00:00+10:00,1553.89049,1070,1005,1001,1064
T12:00:00+10:00,1553.89049,991,996,1021,1058
T12:00:00+10:00,1553.89049,994,1069,1019,1078
T12:00:00+10:00,1553.89049,967,1135,1001,1040
T12:00:00+10:00,1553.89049,940,1104,953,1051
T12:00:00+10:00,1549.279539,967,1105,959,1112
T12:00:00+10:00,1549.279539,939,1119,961,1044
T12:05:00+10:00,1549.279539,984,1098,985,1090
T12:05:00+10:00,1549.279539,976,982,990,1078
T12:05:00+10:00,1549.279539,983,982,1038,1081
T12:05:00+10:00,1549.279539,997,998,1045,1082
T12:05:00+10:00,1549.279539,999,996,1024,1070
T12:05:00+10:00,1549.279539,985,1004,1015,1071
T12:05:00+10:00,1549.279539,1057,1024,1043,1098
T12:05:00+10:00,1549.279539,964,1059,1052,1011
T12:05:00+10:00,1549.279539,963,1069,1049,1008
T12:05:00+10:00,1549.279539,969,1057,1072,1024
T12:05:00+10:00,1549.279539,959,1075,1105,1007
T12:05:00+10:00,1549.279539,957,1085,1137,978
T12:05:00+10:00,1544.668587,952,985,1099,989
T12:05:00+10:00,1544.668587,979,987,1100,996
T12:10:00+10:00,1544.668587,1055,982,1070,981
T12:10:00+10:00,1544.668587,1036,995,1079,973
T12:10:00+10:00,1544.668587,1005,978,1052,977
T12:10:00+10:00,1544.668587,1018,983,1057,1002
T12:10:00+10:00,1544.668587,1009,1029,1045,1010
T12:10:00+10:00,1544.668587,987,1027,1073,985
T12:10:00+10:00,1544.668587,1021,1058,1046,987
T12:10:00+10:00,1544.668587,999,1039,1092,1050
T12:10:00+10:00,1544.668587,1024,1073,1099,1063
T12:10:00+10:00,1544.668587,990,1026,1039,1072
T12:10:00+10:00,1544.668587,948,1047,1056,1064
T12:10:00+10:00,1544.668587,946,1026,942,1128
T12:10:00+10:00,1544.668587,970,1020,922,1132
T12:10:00+10:00,1544.668587,917,1011,923,1016
T12:15:00+10:00,1544.668587,979,1010,922,967
T12:15:00+10:00,1544.668587,1018,1002,915,955
T12:15:00+10:00,1544.668587,998,998,938,966
T12:15:00+10:00,1544.668587,1006,1015,970,953
T12:15:00+10:00,1544.668587,1011,1006,1025,974
T12:15:00+10:00,1544.668587,983,973,979,987
T12:15:00+10:00,1544.668587,986,1011,984,987
T12:15:00+10:00,1544.668587,1000,1039,1008,974
T12:15:00+10:00,1544.668587,1016,1041,1017,988
T12:15:00+10:00,1544.668587,987,1033,1041,994
T12:15:00+10:00,1544.668587,1025,1040,1009,961
T12:15:00+10:00,1544.668587,1037,1067,1005,974
T12:15:00+10:00,1553.89049,1024,1116,1054,1002
T12:15:00+10:00,1553.89049,995,1117,1049,1003
T12:15:00+10:00,1553.89049,986,1129,1008,1010
T12:20:00+10:00,1553.89049,1019,1136,991,1026
T12:20:00+10:00,1553.89049,1011,1132,980,1017
T12:20:00+10:00,1553.89049,1011,1023,978,1082
T12:20:00+10:00,1553.89049,1011,1025,965,1067
T12:20:00+10:00,1553.89049,1027,1002,951,1110
T12:20:00+10:00,1553.89049,1017,991,972,1062
T12:20:00+10:00,1553.89049,1047,997,992,975
T12:20:00+10:00,1553.89049,939,972,974,975
T12:20:00+10:00,1553.89049,949,1036,971,964
T12:20:00+10:00,1553.89049,955,1017,1010,961
T12:20:00+10:00,1553.89049,947,969,1008,979
T12:20:00+10:00,1553.89049,905,1000,1074,944
T12:20:00+10:00,1553.89049,913,1010,1073,975
T12:20:00+10:00,1553.89049,954,913,1082,946
T12:25:00+10:00,1553.89049,985,966,1094,951
T12:25:00+10:00,1553.89049,941,948,1051,952
T12:25:00+10:00,1553.89049,961,951,1046,958
T12:25:00+10:00,1553.89049,952,952,1089,976
T12:25:00+10:00,1553.89049,956,967,1090,1054
T12:25:00+10:00,1553.89049,941,1045,1042,992
T12:25:00+10:00,1553.89049,955,1045,1059,1050
T12:25:00+10:00,1553.89049,993,1060,1010,1051
T12:25:00+10:00,1553.89049,987,1055,963,1042
T12:25:00+10:00,1553.89049,956,1044,942,1075
T12:25:00+10:00,1553.89049,991,1054,949,1080
T12:25:00+10:00,1544.668587,977,1040,953,1081
T12:25:00+10:00,1544.668587,979,1040,996,1087
T12:25:00+10:00,1544.668587,973,1037,1033,1052
T12:30:00+10:00,1544.668587,930,1026,1062,976
T12:30:00+10:00,1544.668587,941,1010,1069,1041
T12:30:00+10:00,1544.668587,926,958,1046,1111
T12:30:00+10:00,1544.668587,945,954,1056,1063
T12:30:00+10:00,1544.668587,953,943,1037,1092
T12:30:00+10:00,1544.668587,941,961,1047,1063
T12:30:00+10:00,1544.668587,944,942,1035,1042
T12:30:00+10:00,1544.668587,971,1012,1088,998
T12:30:00+10:00,1544.668587,991,998,1045,990
T12:30:00+10:00,1544.668587,994,1004,1115,1008
T12:30:00+10:00,1544.668587,1009,993,1039,978
T12:30:00+10:00,1540.057637,992,988,1126,998
T12:30:00+10:00,1540.057637,971,1019,1085,1029
T12:30:00+10:00,1540.057637,970,1029,1114,994
T12:30:00+10:00,1540.057637,922,1167,1113,1014
T12:35:00+10:00,1540.057637,979,1080,1050,1001
T12:35:00+10:00,1540.057637,994,1075,1054,1005
T12:35:00+10:00,1540.057637,1000,1080,1075,959
T12:35:00+10:00,1540.057637,1042,1049,1055,972
T12:35:00+10:00,1540.057637,1046,1088,1017,973
T12:35:00+10:00,1540.057637,1019,1071,1027,998
T12:35:00+10:00,1540.057637,1047,1106,998,947
T12:35:00+10:00,1540.057637,1042,1114,994,965
T12:35:00+10:00,1540.057637,1039,1146,985,1005
T12:35:00+10:00,1540.057637,1067,995,1004,991
T12:35:00+10:00,1544.668587,1031,1000,996,987
T12:35:00+10:00,1544.668587,935,1008,983,1028
T12:35:00+10:00,1544.668587,937,1004,998,986
T12:35:00+10:00,1544.668587,910,1012,968,1062
T12:40:00+10:00,1544.668587,904,1013,977,1086
T12:40:00+10:00,1544.668587,907,1022,1059,1087
T12:40:00+10:00,1544.668587,928,1043,1057,1075
T12:40:00+10:00,1544.668587,998,1050,1112,1076
T12:40:00+10:00,1544.668587,952,1020,1149,1010
T12:40:00+10:00,1544.668587,1025,1077,1149,1025
T12:40:00+10:00,1544.668587,1032,1021,1111,1010
T12:40:00+10:00,1544.668587,1051,965,1090,1042
T12:40:00+10:00,1544.668587,963,936,1077,1035
T12:40:00+10:00,1544.668587,968,993,957,1049
T12:40:00+10:00,1530.835734,965,995,991,1084
T12:40:00+10:00,1530.835734,929,980,883,1103
T12:40:00+10:00,1530.835734,916,985,897,1083
T12:40:00+10:00,1530.835734,989,1013,935,1091
T12:45:00+10:00,1530.835734,946,1010,930,1089
T12:45:00+10:00,1530.835734,950,1008,976,1041
T12:45:00+10:00,1530.835734,957,1007,978,1057
T12:45:00+10:00,1530.835734,966,967,990,1040
T12:45:00+10:00,1530.835734,932,968,995,1046
T12:45:00+10:00,1530.835734,912,974,959,1054
T12:45:00+10:00,1530.835734,904,983,973,1011
T12:45:00+10:00,1530.835734,902,986,971,1040
T12:45:00+10:00,1530.835734,896,978,1041,1087
T12:45:00+10:00,1530.835734,898,1034,1016,1101
T12:45:00+10:00,1526.224784,966,1035,1038,1101
T12:45:00+10:00,1526.224784,956,1004,1050,1103
T12:45:00+10:00,1526.224784,958,1036,1056,1119
T12:45:00+10:00,1526.224784,969,1045,1082,1076
T12:50:00+10:00,1526.224784,948,1047,1086,1050
T12:50:00+10:00,1526.224784,915,1015,1064,1039
T12:50:00+10:00,1526.224784,950,978,1075,1071
T12:50:00+10:00,1526.224784,1027,909,1045,1020
T12:50:00+10:00,1526.224784,1038,978,939,973
T12:50:00+10:00,1526.224784,1059,1072,932,937
T12:50:00+10:00,1526.224784,1069,1078,971,960
T12:50:00+10:00,1526.224784,1039,1072,956,947
T12:50:00+10:00,1526.224784,1066,1080,999,984
T12:50:00+10:00,1526.224784,1047,1126,1019,959
T12:50:00+10:00,1517.002882,1064,1017,1019,995
T12:50:00+10:00,1517.002882,1034,1008,1018,991
T12:50:00+10:00,1517.002882,1047,1022,1036,1052
T12:50:00+10:00,1517.002882,994,1022,1041,1048
T12:50:00+10:00,1517.002882,989,1003,1013,953
T12:55:00+10:00,1517.002882,1011,1025,1023,989
T12:55:00+10:00,1517.002882,993,1115,1019,1138
T12:55:00+10:00,1517.002882,1008,1106,1076,1123
T12:55:00+10:00,1517.002882,977,1064,1051,1128
T12:55:00+10:00,1517.002882,962,1081,1068,1103
T12:55:00+10:00,1517.002882,942,1066,1073,1092
T12:55:00+10:00,1517.002882,983,1003,1058,1014
T12:55:00+10:00,1517.002882,997,1017,1036,1023
T12:55:00+10:00,1517.002882,1004,1015,1007,1051
T12:55:00+10:00,1498.559078,1034,1009,986,1025
T12:55:00+10:00,1498.559078,1063,1012,975,1019
T12:55:00+10:00,1498.559078,1061,1035,992,962
T12:55:00+10:00,1498.559078,1000,1023,959,941
T12:55:00+10:00,1498.559078,1042,986,964,945
T13:00:00+10:00,1498.559078,973,995,1005,934
T13:00:00+10:00,1498.559078,946,987,996,976
T13:00:00+10:00,1498.559078,966,961,994,964
T13:00:00+10:00,1498.559078,953,990,993,978
T13:00:00+10:00,1498.559078,1034,1006,988,967
T13:00:00+10:00,1498.559078,1040,1035,960,994
T13:00:00+10:00,1498.559078,1063,984,971,1006
T13:00:00+10:00,1498.559078,1076,1035,952,985
T13:00:00+10:00,1498.559078,1075,1046,954,1052
T13:00:00+10:00,1489.337176,1087,1088,1007,1116
T13:00:00+10:00,1489.337176,1086,1110,969,1169
T13:00:00+10:00,1489.337176,1047,1174,1008,1153
T13:00:00+10:00,1489.337176,1010,1155,1017,1184
T13:00:00+10:00,1489.337176,1008,1163,1010,1152
T13:05:00+10:00,1489.337176,1004,1064,994,1059
T13:05:00+10:00,1489.337176,996,1063,1010,1041
T13:05:00+10:00,1489.337176,938,992,940,1041
T13:05:00+10:00,1489.337176,933,1026,925,1056
T13:05:00+10:00,1489.337176,1057,987,942,993
T13:05:00+10:00,1489.337176,1123,956,971,1009
T13:05:00+10:00,1489.337176,1106,975,1012,1044
T13:05:00+10:00,1489.337176,1112,979,1004,1031
T13:05:00+10:00,1489.337176,1117,984,1022,1047
T13:05:00+10:00,1475.504323,1018,991,1021,1028
T13:05:00+10:00,1475.504323,1016,995,989,1029
T13:05:00+10:00,1475.504323,1023,976,980,1012
T13:05:00+10:00,1475.504323,940,1038,1035,1008
T13:05:00+10:00,1475.504323,915,1087,984,993
T13:05:00+10:00,1475.504323,940,1100,1027,979
T13:10:00+10:00,1475.504323,902,1083,1042,996
T13:10:00+10:00,1475.504323,953,1041,1051,1004
T13:10:00+10:00,1475.504323,950,1003,1002,1023
T13:10:00+10:00,1475.504323,1000,1021,1010,1013
T13:10:00+10:00,1475.504323,984,1045,1008,999
T13:10:00+10:00,1475.504323,998,1065,997,1006
T13:10:00+10:00,1475.504323,1020,1077,1005,989
T13:10:00+10:00,1475.504323,1006,1025,965,1029
T13:10:00+10:00,1461.67147,988,984,1069,1062
T13:10:00+10:00,1461.67147,977,981,1024,1092
T13:10:00+10:00,1461.67147,980,994,1027,1086
T13:10:00+10:00,1461.67147,925,982,1031,1076
T13:10:00+10:00,1461.67147,929,979,1069,1073
T13:10:00+10:00,1461.67147,926,1080,982,1122
T13:15:00+10:00,1461.67147,943,1130,988,1073
T13:15:00+10:00,1461.67147,907,1129,1007,1088
T13:15:00+10:00,1461.67147,906,1198,984,1094
T13:15:00+10:00,1461.67147,908,1145,976,1051
T13:15:00+10:00,1461.67147,979,1121,962,1046
T13:15:00+10:00,1461.67147,991,1078,1022,989
T13:15:00+10:00,1461.67147,966,1066,1051,981
T13:15:00+10:00,1461.67147,974,1033,1015,1004
T13:15:00+10:00,1452.449568,987,1052,1043,1013
T13:15:00+10:00,1452.449568,1005,1054,1063,969
T13:15:00+10:00,1452.449568,1001,1040,1047,1010
T13:15:00+10:00,1452.449568,947,1025,1044,1049
T13:15:00+10:00,1452.449568,940,1033,1038,1031
T13:15:00+10:00,1452.449568,980,986,1016,1077
T13:20:00+10:00,1452.449568,929,1020,1016,1067
T13:20:00+10:00,1452.449568,937,1003,1032,1046
T13:20:00+10:00,1452.449568,947,1128,1075,1077
T13:20:00+10:00,1452.449568,979,1019,1035,1022
T13:20:00+10:00,1452.449568,972,1070,1066,1025
T13:20:00+10:00,1452.449568,1055,1102,1082,1059
T13:20:00+10:00,1452.449568,1062,1062,1063,1082
T13:20:00+10:00,1452.449568,1129,1068,1038,980
T13:20:00+10:00,1429.394813,1118,1116,986,994
T13:20:00+10:00,1429.394813,1082,1064,1039,981
T13:20:00+10:00,1429.394813,1064,1045,1029,982
T13:20:00+10:00,1429.394813,1018,1078,1057,941
T13:20:00+10:00,1429.394813,993,1079,1040,978
T13:20:00+10:00,1429.394813,1079,1009,1052,983
T13:20:00+10:00,1429.394813,1119,1016,1022,985
T13:25:00+10:00,1429.394813,1108,1023,1021,988
T13:25:00+10:00,1429.394813,1069,1031,998,1035
T13:25:00+10:00,1429.394813,1078,1033,1038,978
T13:25:00+10:00,1429.394813,1077,1015,1022,991
T13:25:00+10:00,1429.394813,934,1048,965,995
T13:25:00+10:00,1429.394813,961,1039,963,1046
T13:25:00+10:00,1429.394813,1049,1069,949,1021
T13:25:00+10:00,1424.783862,1042,1068,970,1066
T13:25:00+10:00,1424.783862,1013,1045,969,985
T13:25:00+10:00,1424.783862,972,1114,1006,1003
T13:25:00+10:00,1424.783862,988,1151,1048,991
T13:25:00+10:00,1424.783862,995,1137,1062,981
T13:25:00+10:00,1424.783862,1002,1150,1060,961
T13:25:00+10:00,1424.783862,1018,1136,1088,986
T13:30:00+10:00,1424.783862,1033,1130,1057,942
T13:30:00+10:00,1424.783862,1009,1029,1037,894
T13:30:00+10:00,1424.783862,910,1024,1020,911
T13:30:00+10:00,1424.783862,1013,1027,1049,944
T13:30:00+10:00,1424.783862,1029,1038,1061,985
T13:30:00+10:00,1424.783862,1029,1016,1049,969
T13:30:00+10:00,1424.783862,1010,1030,1090,979
T13:30:00+10:00,1410.951008,1084,1085,1109,985
T13:30:00+10:00,1410.951008,991,1130,1102,982
T13:30:00+10:00,1410.951008,1060,1134,1104,979
T13:30:00+10:00,1410.951008,1058,1124,1102,982
T13:30:00+10:00,1410.951008,1070,1116,995,994
T13:30:00+10:00,1410.951008,1051,1117,1029,1001
T13:30:00+10:00,1410.951008,1051,1073,991,993
T13:35:00+10:00,1410.951008,1000,1059,1033,1033
T13:35:00+10:00,1410.951008,1025,1077,1033,985
T13:35:00+10:00,1410.951008,1054,1068,1051,999
T13:35:00+10:00,1410.951008,1011,969,1048,1010
T13:35:00+10:00,1410.951008,969,976,1041,1101
T13:35:00+10:00,1410.951008,1013,987,1021,1086
T13:35:00+10:00,1410.951008,1024,983,1061,1052
T13:35:00+10:00,1387.896254,997,967,1075,1047
T13:35:00+10:00,1387.896254,980,991,1028,1054
T13:35:00+10:00,1387.896254,985,1033,1101,1054
T13:35:00+10:00,1387.896254,994,1045,1102,1020
T13:35:00+10:00,1387.896254,918,1037,1103,1021
T13:35:00+10:00,1387.896254,892,1032,1092,1042
T13:35:00+10:00,1387.896254,912,1023,1078,1071
T13:40:00+10:00,1387.896254,913,1010,939,1073
T13:40:00+10:00,1387.896254,937,1084,956,1002
T13:40:00+10:00,1387.896254,913,1089,958,1010
T13:40:00+10:00,1387.896254,942,1092,965,984
T13:40:00+10:00,1387.896254,914,1090,987,1002
T13:40:00+10:00,1387.896254,911,1095,1012,1007
T13:40:00+10:00,1387.896254,915,1087,1055,971
T13:40:00+10:00,1369.45245,911,1102,1040,982
T13:40:00+10:00,1369.45245,929,1091,1032,984
T13:40:00+10:00,1369.45245,927,1109,1023,974
T13:40:00+10:00,1369.45245,952,1111,1024,951
T13:40:00+10:00,1369.45245,948,1047,986,958
T13:40:00+10:00,1369.45245,974,1009,948,1026
T13:40:00+10:00,1369.45245,961,983,960,987
T13:40:00+10:00,1369.45245,978,978,953,1026
T13:45:00+10:00,1369.45245,1023,963,985,1053
T13:45:00+10:00,1369.45245,1030,965,982,1081
T13:45:00+10:00,1369.45245,1011,1008,974,978
T13:45:00+10:00,1369.45245,969,1048,985,999
T13:45:00+10:00,1369.45245,904,1069,1026,1011
T13:45:00+10:00,1369.45245,913,1050,1030,1021
T13:45:00+10:00,1351.008645,923,1050,1022,1014
T13:45:00+10:00,1351.008645,926,962,1021,1037
T13:45:00+10:00,1351.008645,927,946,1058,1059
T13:45:00+10:00,1351.008645,902,1029,1077,1051
T13:45:00+10:00,1351.008645,989,1047,1047,1058
T13:45:00+10:00,1351.008645,945,1039,1010,1025
T13:45:00+10:00,1351.008645,953,1039,1050,992
T13:45:00+10:00,1351.008645,978,1061,1041,983
T13:50:00+10:00,1351.008645,1058,1139,1012,1033
T13:50:00+10:00,1351.008645,1121,1078,1037,992
T13:50:00+10:00,1351.008645,1117,1069,999,1007
T13:50:00+10:00,1351.008645,1135,1071,997,1043
T13:50:00+10:00,1351.008645,1124,1090,941,1026
T13:50:00+10:00,1351.008645,1121,1064,941,1038
T13:50:00+10:00,1327.953891,1014,999,951,1023
T13:50:00+10:00,1327.953891,962,1026,956,1042
T13:50:00+10:00,1327.953891,974,1063,963,1041
T13:50:00+10:00,1327.953891,991,1054,965,1062
T13:50:00+10:00,1327.953891,956,1034,993,1064
T13:50:00+10:00,1327.953891,937,1105,1031,1118
T13:50:00+10:00,1327.953891,980,1128,1035,1082
T13:50:00+10:00,1327.953891,984,1104,1081,1045
T13:55:00+10:00,1327.953891,979,1074,1057,1094
T13:55:00+10:00,1327.953891,981,1073,961,1117
T13:55:00+10:00,1327.953891,998,1041,957,1116
T13:55:00+10:00,1327.953891,1025,1023,968,1099
T13:55:00+10:00,1327.953891,998,1046,993,1114
T13:55:00+10:00,1327.953891,1038,1025,960,1132
T13:55:00+10:00,1304.899136,1032,1060,975,1132
T13:55:00+10:00,1304.899136,1029,1004,1029,1097
T13:55:00+10:00,1304.899136,1036,995,1061,1041
T13:55:00+10:00,1304.899136,1066,1015,1055,1027
T13:55:00+10:00,1304.899136,1059,1011,1033,1027
T13:55:00+10:00,1304.899136,1091,1003,1062,981
T13:55:00+10:00,1304.899136,1066,1010,996,963
T13:55:00+10:00,1304.899136,1047,1022,971,974
T13:55:00+10:00,1304.899136,1026,1005,987,1075
T14:00:00+10:00,1304.899136,934,974,998,1084
T14:00:00+10:00,1304.899136,903,965,990,1092
T14:00:00+10:00,1304.899136,901,969,1006,1067
T14:00:00+10:00,1304.899136,912,972,975,1033
T14:00:00+10:00,1304.899136,944,1116,984,961
T14:00:00+10:00,1272.622478,938,1120,985,991
T14:00:00+10:00,1272.622478,1049,1137,1030,992
T14:00:00+10:00,1272.622478,1043,1114,1013,990
T14:00:00+10:00,1272.622478,1020,1133,1043,963
T14:00:00+10:00,1272.622478,1030,1116,1134,1011
T14:00:00+10:00,1272.622478,1002,1117,1156,1073
T14:00:00+10:00,1272.622478,1069,1100,1098,1082
T14:00:00+10:00,1272.622478,1076,1075,1071,1089
T14:00:00+10:00,1272.622478,1064,1115,1072,1067
T14:05:00+10:00,1272.622478,1071,1111,1050,1071
T14:05:00+10:00,1272.622478,1105,1061,1020,974
T14:05:00+10:00,1272.622478,1079,1051,1027,949
T14:05:00+10:00,1272.622478,1070,1037,1003,935
T14:05:00+10:00,1272.622478,1073,1024,1002,926
T14:05:00+10:00,1249.567723,1037,1017,1036,920
T14:05:00+10:00,1249.567723,1061,1032,991,943
T14:05:00+10:00,1249.567723,1076,1020,1046,941
T14:05:00+10:00,1249.567723,1053,1058,1053,923
T14:05:00+10:00,1249.567723,1096,1053,1050,932
T14:05:00+10:00,1249.567723,1092,1054,991,896
T14:05:00+10:00,1249.567723,1020,1071,905,910
T14:05:00+10:00,1249.567723,1031,960,933,894
T14:05:00+10:00,1249.567723,1034,952,941,895
T14:10:00+10:00,1249.567723,1020,949,950,915
T14:10:00+10:00,1249.567723,936,943,954,895
T14:10:00+10:00,1249.567723,937,950,964,907
T14:10:00+10:00,1249.567723,956,958,974,988
T14:10:00+10:00,1249.567723,890,983,986,1013
T14:10:00+10:00,1235.73487,887,1077,992,1018
T14:10:00+10:00,1235.73487,985,1034,977,1016
T14:10:00+10:00,1235.73487,948,1033,974,1011
T14:10:00+10:00,1235.73487,905,1034,983,1022
T14:10:00+10:00,1235.73487,933,1041,1027,1017
T14:10:00+10:00,1235.73487,902,1086,997,1014
T14:10:00+10:00,1235.73487,968,1089,1007,1028
T14:10:00+10:00,1235.73487,1011,1097,972,1019
T14:10:00+10:00,1235.73487,1014,1114,986,1058
T14:10:00+10:00,1235.73487,1005,1087,1056,1053
T14:15:00+10:00,1235.73487,1028,1076,1059,1040
T14:15:00+10:00,1235.73487,959,1058,1110,1027
T14:15:00+10:00,1235.73487,937,1054,1119,1055
T14:15:00+10:00,1235.73487,904,1053,1126,1014
T14:15:00+10:00,1212.680115,888,1063,1106,850
T14:15:00+10:00,1212.680115,907,1078,1026,865
T14:15:00+10:00,1212.680115,921,1076,1028,891
T14:15:00+10:00,1212.680115,929,1108,977,884
T14:15:00+10:00,1212.680115,982,1097,937,900
T14:15:00+10:00,1212.680115,1017,1113,969,860
T14:15:00+10:00,1212.680115,1086,1115,943,830
T14:15:00+10:00,1212.680115,1123,998,965,842
T14:15:00+10:00,1212.680115,1099,979,982,876
T14:15:00+10:00,1212.680115,1104,960,983,848
T14:20:00+10:00,1212.680115,1089,965,1000,872
T14:20:00+10:00,1212.680115,1069,960,960,904
T14:20:00+10:00,1212.680115,1017,1023,998,972
T14:20:00+10:00,1212.680115,939,1068,984,924
T14:20:00+10:00,1185.01441,1007,1095,1023,976
T14:20:00+10:00,1185.01441,1030,1089,1009,933
T14:20:00+10:00,1185.01441,1039,1091,1083,937
T14:20:00+10:00,1185.01441,1073,1089,1116,969
T14:20:00+10:00,1185.01441,1108,983,1027,962
T14:20:00+10:00,1185.01441,1044,982,1041,928
T14:20:00+10:00,1185.01441,1093,974,976,918
T14:20:00+10:00,1185.01441,1098,973,981,930
T14:20:00+10:00,1185.01441,1052,962,943,874
T14:20:00+10:00,1185.01441,1038,1007,958,833
T14:25:00+10:00,1185.01441,1040,1077,935,827
T14:25:00+10:00,1185.01441,968,1088,917,823
T14:25:00+10:00,1185.01441,956,1077,985,807
T14:25:00+10:00,1185.01441,961,1077,934,822
T14:25:00+10:00,1157.348702,995,1069,986,853
T14:25:00+10:00,1157.348702,1007,1024,1024,837
T14:25:00+10:00,1157.348702,1035,972,1088,839
T14:25:00+10:00,1157.348702,1057,970,1097,875
T14:25:00+10:00,1157.348702,1051,960,1124,869
T14:25:00+10:00,1157.348702,1072,984,1050,892
T14:25:00+10:00,1157.348702,1048,971,985,939
T14:25:00+10:00,1157.348702,1018,1023,943,946
T14:25:00+10:00,1157.348702,979,983,970,919
T14:25:00+10:00,1157.348702,1032,1010,964,928
T14:30:00+10:00,1157.348702,1067,982,926,904
T14:30:00+10:00,1157.348702,1014,952,904,898
T14:30:00+10:00,1157.348702,1033,1055,993,901
T14:30:00+10:00,1157.348702,1005,1048,1001,896
T14:30:00+10:00,1125.072046,928,1060,1005,932
T14:30:00+10:00,1125.072046,935,1098,1039,925
T14:30:00+10:00,1125.072046,931,1091,1003,878
T14:30:00+10:00,1125.072046,936,1059,1001,881
T14:30:00+10:00,1125.072046,976,1080,1012,879
T14:30:00+10:00,1125.072046,994,1053,1036,899
T14:30:00+10:00,1125.072046,1047,1085,1021,900
T14:30:00+10:00,1125.072046,1052,1126,1001,898
T14:30:00+10:00,1125.072046,1057,1124,1014,1024
T14:30:00+10:00,1125.072046,1015,1112,991,1054
T14:30:00+10:00,1125.072046,993,1093,993,1050
T14:35:00+10:00,1125.072046,994,1107,975,994
T14:35:00+10:00,1125.072046,1006,1108,968,990
T14:35:00+10:00,1125.072046,1017,1097,967,876
T14:35:00+10:00,1092.795389,1040,1082,974,939
T14:35:00+10:00,1092.795389,1022,1083,983,896
T14:35:00+10:00,1092.795389,946,1071,996,950
T14:35:00+10:00,1092.795389,975,1064,931,901
T14:35:00+10:00,1092.795389,984,1055,925,914
T14:35:00+10:00,1092.795389,989,1074,907,882
T14:35:00+10:00,1092.795389,1023,1013,927,885
T14:35:00+10:00,1092.795389,1032,1005,896,884
T14:35:00+10:00,1092.795389,1030,992,930,915
T14:35:00+10:00,1092.795389,986,1039,921,898
T14:35:00+10:00,1092.795389,1013,1015,917,913
T14:40:00+10:00,1092.795389,990,1085,934,951
T14:40:00+10:00,1092.795389,900,1140,957,918
T14:40:00+10:00,1092.795389,925,1104,923,957
T14:40:00+10:00,1060.518731,966,1045,932,939
T14:40:00+10:00,1060.518731,965,1048,903,933
T14:40:00+10:00,1060.518731,954,1078,913,885
T14:40:00+10:00,1060.518731,944,1061,956,906
T14:40:00+10:00,1060.518731,952,1072,953,907
T14:40:00+10:00,1060.518731,918,1076,950,903
T14:40:00+10:00,1060.518731,907,1086,958,809
T14:40:00+10:00,1060.518731,938,1071,932,829
T14:40:00+10:00,1060.518731,900,1101,889,792
T14:40:00+10:00,1060.518731,945,1041,853,797
T14:40:00+10:00,1060.518731,928,1031,866,778
T14:45:00+10:00,1060.518731,993,987,888,797
T14:45:00+10:00,1060.518731,1001,975,905,785
T14:45:00+10:00,1060.518731,1070,999,980,801
T14:45:00+10:00,1064.36119,1052,1056,967,833
T14:45:00+10:00,1064.36119,999,1041,933,808
T14:45:00+10:00,1064.36119,968,1100,941,830
T14:45:00+10:00,1064.36119,1000,1047,879,806
T14:45:00+10:00,1064.36119,1013,1085,871,815
T14:45:00+10:00,1064.36119,1018,1080,892,806
T14:45:00+10:00,1064.36119,1012,1035,920,802
T14:45:00+10:00,1064.36119,1061,1013,937,781
T14:45:00+10:00,1064.36119,1113,1045,931,790
T14:45:00+10:00,1064.36119,1141,1039,933,772
T14:45:00+10:00,1064.36119,1086,1042,940,773
T14:45:00+10:00,1064.36119,1079,998,856,752
T14:50:00+10:00,1064.36119,1072,1039,859,784
T14:50:00+10:00,1064.36119,923,1035,865,772
T14:50:00+10:00,1000.57637,990,1027,884,804
T14:50:00+10:00,1000.57637,993,1011,939,731
T14:50:00+10:00,1000.57637,994,984,924,700
T14:50:00+10:00,1000.57637,1028,949,918,728
T14:50:00+10:00,1000.57637,1003,933,939,673
T14:50:00+10:00,1000.57637,972,940,902,668
T14:50:00+10:00,1000.57637,942,922,862,703
T14:50:00+10:00,1000.57637,988,915,911,672
T14:50:00+10:00,1000.57637,986,945,925,725
T14:50:00+10:00,1000.57637,948,1004,910,728
T14:50:00+10:00,1000.57637,931,1056,915,731
T14:50:00+10:00,1000.57637,934,998,924,732
T14:55:00+10:00,1000.57637,914,1024,849,729
T14:55:00+10:00,1000.57637,892,1079,891,729
T14:55:00+10:00,968.299712,939,1076,882,733
T14:55:00+10:00,968.299712,935,1041,844,730
T14:55:00+10:00,968.299712,910,1044,810,732
T14:55:00+10:00,968.299712,913,1050,802,725
T14:55:00+10:00,968.299712,921,1002,817,718
T14:55:00+10:00,968.299712,913,955,813,725
T14:55:00+10:00,968.299712,947,993,831,719
T14:55:00+10:00,968.299712,970,985,824,725
T14:55:00+10:00,968.299712,1037,995,829,765
T14:55:00+10:00,968.299712,1046,950,874,729
T14:55:00+10:00,968.299712,1070,1054,871,713
T14:55:00+10:00,968.299712,1048,1003,847,744
T15:00:00+10:00,968.299712,964,967,821,737
T15:00:00+10:00,968.299712,1021,933,812,735
T15:00:00+10:00,936.0230544,1073,948,818,730
T15:00:00+10:00,936.0230544,1048,969,814,739
T15:00:00+10:00,936.0230544,1044,963,822,715
T15:00:00+10:00,936.0230544,1032,973,847,739
T15:00:00+10:00,936.0230544,920,948,852,721
T15:00:00+10:00,936.0230544,890,964,873,772
T15:00:00+10:00,936.0230544,927,868,820,833
T15:00:00+10:00,936.0230544,936,890,822,843
T15:00:00+10:00,936.0230544,963,910,782,824
T15:00:00+10:00,936.0230544,959,918,759,803
T15:00:00+10:00,936.0230544,982,912,687,800
T15:00:00+10:00,936.0230544,975,908,679,765
T15:05:00+10:00,936.0230544,983,899,721,753
T15:05:00+10:00,936.0230544,899,885,718,749
T15:05:00+10:00,899.1354464,859,930,756,749
T15:05:00+10:00,899.1354464,931,923,737,756
T15:05:00+10:00,899.1354464,903,922,724,751
T15:05:00+10:00,899.1354464,916,901,711,765
T15:05:00+10:00,899.1354464,920,1013,705,742
T15:05:00+10:00,899.1354464,981,951,712,735
T15:05:00+10:00,899.1354464,993,953,752,735
T15:05:00+10:00,899.1354464,973,914,739,740
T15:05:00+10:00,899.1354464,990,936,738,739
T15:05:00+10:00,899.1354464,973,875,739,747
T15:05:00+10:00,899.1354464,982,841,752,763
T15:05:00+10:00,899.1354464,887,881,736,756
T15:05:00+10:00,899.1354464,851,863,713,778
T15:10:00+10:00,899.1354464,844,862,696,774
T15:10:00+10:00,866.8587904,844,848,701,768
T15:10:00+10:00,866.8587904,825,906,714,780
T15:10:00+10:00,866.8587904,830,934,737,744
T15:10:00+10:00,866.8587904,813,926,737,739
T15:10:00+10:00,866.8587904,837,921,754,758
T15:10:00+10:00,866.8587904,919,921,729,750
T15:10:00+10:00,866.8587904,882,886,669,765
T15:10:00+10:00,866.8587904,847,912,674,751
T15:10:00+10:00,866.8587904,891,915,665,805
T15:10:00+10:00,866.8587904,927,942,691,796
T15:10:00+10:00,866.8587904,933,985,724,680
T15:10:00+10:00,866.8587904,943,866,841,589
T15:10:00+10:00,866.8587904,927,905,920,591
T15:15:00+10:00,866.8587904,907,900,907,540
T15:15:00+10:00,829.9711808,899,888,892,537
T15:15:00+10:00,829.9711808,833,871,909,535
T15:15:00+10:00,829.9711808,838,840,889,563
T15:15:00+10:00,829.9711808,846,837,909,604
T15:15:00+10:00,829.9711808,877,800,936,599
T15:15:00+10:00,829.9711808,806,811,970,624
T15:15:00+10:00,829.9711808,811,800,945,621
T15:15:00+10:00,829.9711808,802,794,938,629
T15:15:00+10:00,829.9711808,797,825,945,586
T15:15:00+10:00,829.9711808,794,806,905,584
T15:15:00+10:00,829.9711808,780,813,909,561
T15:15:00+10:00,829.9711808,780,829,928,550
T15:15:00+10:00,829.9711808,788,835,929,552
T15:20:00+10:00,829.9711808,786,838,946,551
T15:20:00+10:00,797.6945248,813,784,922,613
T15:20:00+10:00,797.6945248,786,787,937,605
T15:20:00+10:00,797.6945248,813,795,923,611
T15:20:00+10:00,797.6945248,845,801,974,616
T15:20:00+10:00,797.6945248,843,806,992,616
T15:20:00+10:00,797.6945248,838,808,1002,616
T15:20:00+10:00,797.6945248,832,821,962,618
T15:20:00+10:00,797.6945248,817,808,939,622
T15:20:00+10:00,797.6945248,835,810,901,615
T15:20:00+10:00,797.6945248,868,815,881,626
T15:20:00+10:00,797.6945248,856,797,873,623
T15:20:00+10:00,797.6945248,866,737,883,644
T15:20:00+10:00,797.6945248,866,740,894,638
T15:25:00+10:00,797.6945248,861,742,895,636
T15:25:00+10:00,756.1959648,831,739,907,634
T15:25:00+10:00,756.1959648,790,738,939,630
T15:25:00+10:00,756.1959648,802,736,877,613
T15:25:00+10:00,756.1959648,780,729,960,596
T15:25:00+10:00,756.1959648,749,761,928,585
T15:25:00+10:00,756.1959648,772,759,922,584
T15:25:00+10:00,756.1959648,778,769,932,579
T15:25:00+10:00,756.1959648,816,765,918,584
T15:25:00+10:00,756.1959648,843,760,915,626
T15:25:00+10:00,756.1959648,830,754,896,631
T15:25:00+10:00,756.1959648,856,754,896,634
T15:25:00+10:00,756.1959648,835,753,898,626
T15:25:00+10:00,756.1959648,818,729,885,634
T15:25:00+10:00,756.1959648,832,726,920,634
T15:30:00+10:00,714.6974064,859,741,875,603
T15:30:00+10:00,714.6974064,875,754,881,614
T15:30:00+10:00,714.6974064,874,763,870,620
T15:30:00+10:00,714.6974064,856,759,878,623
T15:30:00+10:00,714.6974064,823,760,888,616
T15:30:00+10:00,714.6974064,800,765,908,580
T15:30:00+10:00,714.6974064,844,758,923,576
T15:30:00+10:00,714.6974064,818,750,925,547
T15:30:00+10:00,714.6974064,845,738,897,584
T15:30:00+10:00,714.6974064,858,737,896,575
T15:30:00+10:00,714.6974064,853,739,895,437
T15:30:00+10:00,714.6974064,850,732,886,493
T15:30:00+10:00,714.6974064,840,736,817,490
T15:30:00+10:00,714.6974064,840,731,825,488
T15:35:00+10:00,677.8097984,886,728,817,496
T15:35:00+10:00,677.8097984,902,750,819,498
T15:35:00+10:00,677.8097984,888,752,819,488
T15:35:00+10:00,677.8097984,886,745,874,468
T15:35:00+10:00,677.8097984,877,715,892,469
T15:35:00+10:00,677.8097984,823,708,886,484
T15:35:00+10:00,677.8097984,826,720,885,487
T15:35:00+10:00,677.8097984,840,712,918,484
T15:35:00+10:00,677.8097984,840,708,877,508
T15:35:00+10:00,677.8097984,856,702,815,509
T15:35:00+10:00,677.8097984,844,733,816,513
T15:35:00+10:00,677.8097984,879,721,836,522
T15:35:00+10:00,677.8097984,940,728,838,523
T15:35:00+10:00,677.8097984,936,752,842,523
T15:40:00+10:00,636.3112384,902,743,835,505
T15:40:00+10:00,636.3112384,928,747,849,506
T15:40:00+10:00,636.3112384,862,744,844,497
T15:40:00+10:00,636.3112384,856,745,806,498
T15:40:00+10:00,636.3112384,869,743,797,484
T15:40:00+10:00,636.3112384,871,765,808,503
T15:40:00+10:00,636.3112384,862,756,823,474
T15:40:00+10:00,636.3112384,877,750,824,479
T15:40:00+10:00,636.3112384,958,759,824,482
T15:40:00+10:00,636.3112384,985,760,825,478
T15:40:00+10:00,636.3112384,993,768,830,485
T15:40:00+10:00,636.3112384,989,770,861,495
T15:40:00+10:00,636.3112384,951,751,853,503
T15:40:00+10:00,636.3112384,927,747,852,508
T15:40:00+10:00,594.81268,912,749,851,504
T15:45:00+10:00,594.81268,886,737,853,506
T15:45:00+10:00,594.81268,890,739,848,502
T15:45:00+10:00,594.81268,889,728,816,509
T15:45:00+10:00,594.81268,891,754,820,519
T15:45:00+10:00,594.81268,902,784,816,509
T15:45:00+10:00,594.81268,887,811,832,519
T15:45:00+10:00,594.81268,907,813,832,527
T15:45:00+10:00,594.81268,915,808,846,531
T15:45:00+10:00,594.81268,898,796,844,487
T15:45:00+10:00,594.81268,912,756,852,489
T15:45:00+10:00,594.81268,923,751,850,482
T15:45:00+10:00,594.81268,961,740,845,462
T15:45:00+10:00,594.81268,975,755,867,456
T15:45:00+10:00,553.3141216,956,771,851,490
T15:50:00+10:00,553.3141216,952,765,859,517
T15:50:00+10:00,553.3141216,923,767,915,528
T15:50:00+10:00,553.3141216,816,755,915,528
T15:50:00+10:00,553.3141216,839,759,895,528
T15:50:00+10:00,553.3141216,826,750,899,523
T15:50:00+10:00,553.3141216,834,741,827,516
T15:50:00+10:00,553.3141216,823,755,811,521
T15:50:00+10:00,553.3141216,872,806,826,508
T15:50:00+10:00,553.3141216,890,809,822,515
T15:50:00+10:00,553.3141216,898,810,792,512
T15:50:00+10:00,553.3141216,900,813,774,516
T15:50:00+10:00,553.3141216,908,767,747,487
T15:50:00+10:00,553.3141216,848,772,736,485
T15:50:00+10:00,507.2046112,805,777,737,496
T15:55:00+10:00,507.2046112,854,777,714,483
T15:55:00+10:00,507.2046112,854,770,701,482
T15:55:00+10:00,507.2046112,852,768,702,488
T15:55:00+10:00,507.2046112,857,721,711,487
T15:55:00+10:00,507.2046112,935,716,709,489
T15:55:00+10:00,507.2046112,869,717,704,503
T15:55:00+10:00,507.2046112,853,720,781,498
T15:55:00+10:00,507.2046112,878,717,792,490
T15:55:00+10:00,507.2046112,875,750,793,507
T15:55:00+10:00,507.2046112,828,798,812,518
T15:55:00+10:00,507.2046112,824,802,803,513
T15:55:00+10:00,507.2046112,775,856,734,522
T15:55:00+10:00,507.2046112,807,805,738,507
T15:55:00+10:00,451.8731984,757,682,717,509
T16:00:00+10:00,451.8731984,720,641,698,498
T16:00:00+10:00,451.8731984,722,649,715,501
T16:00:00+10:00,451.8731984,760,641,702,500
T16:00:00+10:00,451.8731984,780,603,763,507
T16:00:00+10:00,451.8731984,817,622,770,506
T16:00:00+10:00,451.8731984,824,599,777,511
T16:00:00+10:00,451.8731984,813,575,779,521
T16:00:00+10:00,451.8731984,770,583,779,516
T16:00:00+10:00,451.8731984,756,592,726,516
T16:00:00+10:00,451.8731984,789,602,707,513
T16:00:00+10:00,451.8731984,807,611,699,508
T16:00:00+10:00,451.8731984,776,616,696,511
T16:00:00+10:00,451.8731984,742,617,717,499
T16:00:00+10:00,327.3775216,684,608,715,501
T16:00:00+10:00,327.3775216,679,609,748,516
T16:05:00+10:00,327.3775216,679,609,738,512
T16:05:00+10:00,327.3775216,676,617,732,515
T16:05:00+10:00,327.3775216,698,623,739,516
T16:05:00+10:00,327.3775216,733,608,735,519
T16:05:00+10:00,327.3775216,792,632,761,508
T16:05:00+10:00,327.3775216,788,629,774,514
T16:05:00+10:00,327.3775216,798,615,795,513
T16:05:00+10:00,327.3775216,790,628,851,513
T16:05:00+10:00,327.3775216,786,598,836,498
T16:05:00+10:00,327.3775216,734,606,717,488
T16:05:00+10:00,327.3775216,767,600,708,481
T16:05:00+10:00,327.3775216,783,599,706,453
T16:05:00+10:00,106.0518736,766,608,644,457
T16:05:00+10:00,106.0518736,715,630,644,454
T16:10:00+10:00,106.0518736,632,664,644,464
T16:10:00+10:00,106.0518736,620,679,662,466
T16:10:00+10:00,106.0518736,618,704,668,467
T16:10:00+10:00,106.0518736,583,703,672,487
T16:10:00+10:00,106.0518736,556,691,682,482
T16:10:00+10:00,106.0518736,676,545,676,488
T16:10:00+10:00,106.0518736,737,587,679,496
T16:10:00+10:00,106.0518736,738,613,635,496
T16:10:00+10:00,106.0518736,747,615,642,499
T16:10:00+10:00,106.0518736,734,610,637,500
T16:10:00+10:00,106.0518736,682,634,639,502
T16:10:00+10:00,106.0518736,641,621,639,512
T16:10:00+10:00,258.213256,643,623,642,518
T16:10:00+10:00,258.213256,659,611,649,509
T16:15:00+10:00,258.213256,660,615,652,508
T16:15:00+10:00,258.213256,644,602,656,506
T16:15:00+10:00,258.213256,611,604,655,491
T16:15:00+10:00,258.213256,610,596,670,495
T16:15:00+10:00,258.213256,616,615,670,499
T16:15:00+10:00,258.213256,612,619,663,495
T16:15:00+10:00,258.213256,605,616,679,521
T16:15:00+10:00,258.213256,617,620,692,520
T16:15:00+10:00,258.213256,700,619,700,503
T16:15:00+10:00,258.213256,717,610,701,502
T16:15:00+10:00,258.213256,608,668,663,515
T16:15:00+10:00,258.213256,580,656,686,493
T16:15:00+10:00,276.6570608,570,514,615,492
T16:15:00+10:00,276.6570608,497,520,621,486
T16:20:00+10:00,276.6570608,505,524,624,519
T16:20:00+10:00,276.6570608,497,537,641,515
T16:20:00+10:00,276.6570608,494,536,604,518
T16:20:00+10:00,276.6570608,500,531,614,531
T16:20:00+10:00,276.6570608,500,538,604,529
T16:20:00+10:00,276.6570608,494,536,595,521
T16:20:00+10:00,276.6570608,499,540,585,499
T16:20:00+10:00,276.6570608,500,523,551,494
T16:20:00+10:00,276.6570608,500,525,547,494
T16:20:00+10:00,276.6570608,503,525,562,473
T16:20:00+10:00,276.6570608,553,521,560,465
T16:20:00+10:00,276.6570608,611,525,560,497
T16:20:00+10:00,119.8847264,629,508,580,499
T16:20:00+10:00,119.8847264,642,505,590,499
T16:20:00+10:00,119.8847264,677,495,591,510
T16:25:00+10:00,119.8847264,682,505,570,510
T16:25:00+10:00,119.8847264,645,508,569,506
T16:25:00+10:00,119.8847264,645,474,567,499
T16:25:00+10:00,119.8847264,650,512,580,494
T16:25:00+10:00,119.8847264,634,522,577,507
T16:25:00+10:00,119.8847264,647,535,621,495
T16:25:00+10:00,119.8847264,625,529,588,491
T16:25:00+10:00,119.8847264,599,531,577,484
T16:25:00+10:00,119.8847264,594,529,496,484
T16:25:00+10:00,119.8847264,599,480,499,474
T16:25:00+10:00,119.8847264,604,481,499,478
T16:25:00+10:00,82.9971184,609,477,491,477
T16:25:00+10:00,82.9971184,568,477,504,476
T16:25:00+10:00,82.9971184,547,477,501,466
T16:30:00+10:00,82.9971184,554,467,471,454
T16:30:00+10:00,82.9971184,554,453,468,464
T16:30:00+10:00,82.9971184,489,447,468,452
T16:30:00+10:00,82.9971184,502,442,471,450
T16:30:00+10:00,82.9971184,542,459,474,475
T16:30:00+10:00,82.9971184,535,444,471,501
T16:30:00+10:00,82.9971184,530,473,477,502
T16:30:00+10:00,82.9971184,534,490,490,502
T16:30:00+10:00,82.9971184,547,491,468,504
T16:30:00+10:00,82.9971184,535,494,467,505
T16:30:00+10:00,82.9971184,574,494,465,502
T16:30:00+10:00,129.1066288,564,494,477,496
T16:30:00+10:00,129.1066288,562,474,472,505
T16:30:00+10:00,129.1066288,563,476,467,517
T16:35:00+10:00,129.1066288,568,475,476,527
T16:35:00+10:00,129.1066288,541,472,476,523
T16:35:00+10:00,129.1066288,543,478,489,514
T16:35:00+10:00,129.1066288,542,468,490,514
T16:35:00+10:00,129.1066288,548,483,498,514
T16:35:00+10:00,129.1066288,542,482,494,506
T16:35:00+10:00,129.1066288,549,481,495,502
T16:35:00+10:00,129.1066288,577,484,490,506
T16:35:00+10:00,129.1066288,551,487,511,514
T16:35:00+10:00,129.1066288,438,498,505,509
T16:35:00+10:00,129.1066288,435,500,516,509
T16:35:00+10:00,64.5533136,437,495,509,498
T16:35:00+10:00,64.5533136,449,495,512,504
T16:35:00+10:00,64.5533136,465,499,510,511
T16:40:00+10:00,64.5533136,454,499,501,513
T16:40:00+10:00,64.5533136,455,502,485,511
T16:40:00+10:00,64.5533136,458,504,491,524
T16:40:00+10:00,64.5533136,455,506,501,523
T16:40:00+10:00,64.5533136,478,508,507,528
T16:40:00+10:00,64.5533136,502,511,507,508
T16:40:00+10:00,64.5533136,502,509,543,504
T16:40:00+10:00,64.5533136,506,488,535,508
T16:40:00+10:00,64.5533136,534,478,523,506
T16:40:00+10:00,64.5533136,509,484,524,509
T16:40:00+10:00,64.5533136,484,479,524,496
T16:40:00+10:00,73.775216,502,479,525,489
T16:40:00+10:00,73.775216,514,488,491,487
T16:40:00+10:00,73.775216,514,514,480,491
T16:40:00+10:00,73.775216,511,495,479,483
T16:45:00+10:00,73.775216,507,501,476,484
T16:45:00+10:00,73.775216,496,500,476,508
T16:45:00+10:00,73.775216,457,500,493,516
T16:45:00+10:00,73.775216,463,506,507,512
T16:45:00+10:00,73.775216,455,514,493,512
T16:45:00+10:00,73.775216,460,509,494,509
T16:45:00+10:00,73.775216,465,507,496,504
T16:45:00+10:00,73.775216,482,510,486,484
T16:45:00+10:00,73.775216,483,504,457,482
T16:45:00+10:00,73.775216,484,465,469,486
T16:45:00+10:00,46.1095104,486,480,468,498
T16:45:00+10:00,46.1095104,483,481,472,496
T16:45:00+10:00,46.1095104,487,482,472,500
T16:45:00+10:00,46.1095104,470,486,484,496
T16:50:00+10:00,46.1095104,475,484,493,498
T16:50:00+10:00,46.1095104,463,507,505,506
T16:50:00+10:00,46.1095104,473,514,492,510
T16:50:00+10:00,46.1095104,463,510,483,503
T16:50:00+10:00,46.1095104,458,511,484,507
T16:50:00+10:00,46.1095104,488,508,451,513
T16:50:00+10:00,46.1095104,483,498,457,513
T16:50:00+10:00,46.1095104,486,501,455,513
T16:50:00+10:00,46.1095104,505,495,452,513
T16:50:00+10:00,46.1095104,486,499,452,516
T16:50:00+10:00,36.887608,477,496,466,514
T16:50:00+10:00,36.887608,474,497,508,524
T16:50:00+10:00,36.887608,465,491,506,528
T16:50:00+10:00,36.887608,470,492,518,523
T16:55:00+10:00,36.887608,474,489,509,527
T16:55:00+10:00,36.887608,477,494,505,528
T16:55:00+10:00,36.887608,473,490,484,516
T16:55:00+10:00,36.887608,475,494,486,528
T16:55:00+10:00,36.887608,468,487,490,515
T16:55:00+10:00,36.887608,470,478,493,517
T16:55:00+10:00,36.887608,472,483,482,513
T16:55:00+10:00,36.887608,481,484,478,482
T16:55:00+10:00,36.887608,462,482,474,475
T16:55:00+10:00,36.887608,464,467,475,484
T16:55:00+10:00,0,460,469,479,507
T16:55:00+10:00,0,462,467,473,506
T16:55:00+10:00,0,460,454,470,508
T16:55:00+10:00,0,501,466,472,520
T16:55:00+10:00,0,504,467,520,526
T17:00:00+10:00,0,506,486,523,529
T17:00:00+10:00,0,507,491,534,493
T17:00:00+10:00,0,507,483,539,488
T17:00:00+10:00,0,508,488,535,478
T17:00:00+10:00,0,509,473,511,488
T17:00:00+10:00,0,506,451,503,490
T17:00:00+10:00,0,508,451,504,495
T17:00:00+10:00,0,505,459,506,492
T17:00:00+10:00,0,505,451,517,492
T17:00:00+10:00,27.6657056,463,456,506,491
T17:00:00+10:00,27.6657056,481,462,505,474
T17:00:00+10:00,27.6657056,478,483,504,472
T17:00:00+10:00,27.6657056,473,482,503,484
T17:00:00+10:00,27.6657056,472,490,503,477
T17:05:00+10:00,27.6657056,472,487,511,473
T17:05:00+10:00,27.6657056,469,485,502,480
T17:05:00+10:00,27.6657056,490,489,467,473
T17:05:00+10:00,27.6657056,488,485,467,477
T17:05:00+10:00,27.6657056,483,473,467,487
T17:05:00+10:00,27.6657056,489,468,463,480
T17:05:00+10:00,27.6657056,489,462,475,446
T17:05:00+10:00,27.6657056,469,453,487,437
T17:05:00+10:00,27.6657056,464,477,509,433
T17:05:00+10:00,13.8328528,462,483,509,435
T17:05:00+10:00,13.8328528,462,494,508,447
T17:05:00+10:00,13.8328528,460,493,512,436
T17:05:00+10:00,13.8328528,452,495,509,446
T17:05:00+10:00,13.8328528,452,498,517,443
T17:10:00+10:00,13.8328528,458,492,516,443
T17:10:00+10:00,13.8328528,453,491,521,445
T17:10:00+10:00,13.8328528,458,493,520,447
T17:10:00+10:00,13.8328528,463,497,522,471
T17:10:00+10:00,13.8328528,518,496,519,527
T17:10:00+10:00,13.8328528,523,494,488,531
T17:10:00+10:00,13.8328528,523,462,488,534
T17:10:00+10:00,13.8328528,517,470,492,532
T17:10:00+10:00,13.8328528,522,469,493,543
T17:10:00+10:00,4.6109504,498,475,493,493
T17:10:00+10:00,4.6109504,508,469,519,455
T17:10:00+10:00,4.6109504,506,497,527,454
T17:10:00+10:00,4.6109504,504,500,526,452
T17:10:00+10:00,4.6109504,501,498,532,450
T17:15:00+10:00,4.6109504,499,504,532,460
T17:15:00+10:00,4.6109504,486,503,535,504
T17:15:00+10:00,4.6109504,500,502,485,502
T17:15:00+10:00,4.6109504,497,438,478,504
T17:15:00+10:00,4.6109504,498,440,477,503
T17:15:00+10:00,4.6109504,499,439,471,503
T17:15:00+10:00,4.6109504,503,438,470,480
T17:15:00+10:00,4.6109504,498,468,479,448
T17:15:00+10:00,4.6109504,500,480,498,444
T17:15:00+10:00,4.6109504,498,497,504,448
T17:15:00+10:00,4.6109504,503,503,520,445
T17:15:00+10:00,4.6109504,498,496,523,445
T17:15:00+10:00,4.6109504,433,500,519,458
T17:15:00+10:00,4.6109504,449,498,525,454
T17:15:00+10:00,4.6109504,451,507,529,455
T17:20:00+10:00,4.6109504,448,510,532,456
T17:20:00+10:00,4.6109504,456,504,530,455
T17:20:00+10:00,4.6109504,449,504,523,455
T17:20:00+10:00,4.6109504,472,502,519,465
T17:20:00+10:00,4.6109504,470,500,501,460
T17:20:00+10:00,4.6109504,468,492,497,460
T17:20:00+10:00,4.6109504,472,497,501,457
T17:20:00+10:00,4.6109504,472,500,500,459
T17:20:00+10:00,0,455,501,492,474
T17:20:00+10:00,0,445,497,495,516
T17:20:00+10:00,0,447,494,471,515
T17:20:00+10:00,0,443,490,470,521
T17:20:00+10:00,0,445,491,470,521
T17:20:00+10:00,0,447,490,475,518
T17:25:00+10:00,0,489,478,473,483
T17:25:00+10:00,0,500,477,507,462
T17:25:00+10:00,0,501,468,505,457
T17:25:00+10:00,0,498,470,502,458
T17:25:00+10:00,0,499,470,510,456
T17:25:00+10:00,0,498,471,508,459
T17:25:00+10:00,0,463,468,511,454
T17:25:00+10:00,0,447,455,472,465
T17:25:00+10:00,0,448,447,473,463
T17:25:00+10:00,0,445,452,471,468
T17:25:00+10:00,0,446,453,472,464
T17:25:00+10:00,0,505,452,469,477
T17:25:00+10:00,0,527,465,465,474
T17:25:00+10:00,0,532,485,490,483
T17:30:00+10:00,0,519,488,493,483
T17:30:00+10:00,0,527,483,493,482
T17:30:00+10:00,0,516,491,495,483
T17:30:00+10:00,0,515,463,492,481
T17:30:00+10:00,0,511,466,487,465
T17:30:00+10:00,0,512,465,488,466
T17:30:00+10:00,0,512,482,488,462
T17:30:00+10:00,0,514,484,487,461
T17:30:00+10:00,0,476,478,489,455
T17:30:00+10:00,0,433,484,489,446
T17:30:00+10:00,0,431,473,473,451
T17:30:00+10:00,0,426,468,472,452
T17:30:00+10:00,0,431,465,473,450
T17:30:00+10:00,0,443,466,475,453
T17:35:00+10:00,0,496,467,476,492
T17:35:00+10:00,0,497,467,457,497
T17:35:00+10:00,0,505,498,442,494
T17:35:00+10:00,0,500,501,448,502
T17:35:00+10:00,0,503,504,446,498
T17:35:00+10:00,0,499,494,443,499
T17:35:00+10:00,0,518,506,445,521
T17:35:00+10:00,0,520,508,434,524
T17:35:00+10:00,4.6109504,524,470,434,517
T17:35:00+10:00,4.6109504,521,480,436,532
T17:35:00+10:00,4.6109504,524,480,434,526
T17:35:00+10:00,4.6109504,500,484,433,521
T17:35:00+10:00,4.6109504,509,483,451,520
T17:35:00+10:00,4.6109504,508,506,500,517
T17:35:00+10:00,4.6109504,506,502,508,520
T17:40:00+10:00,4.6109504,502,495,509,527
T17:40:00+10:00,4.6109504,495,504,504,521
T17:40:00+10:00,4.6109504,454,496,502,426
T17:40:00+10:00,4.6109504,452,497,490,434
T17:40:00+10:00,4.6109504,456,505,490,437
T17:40:00+10:00,4.6109504,449,504,493,435
T17:40:00+10:00,4.6109504,452,505,488,438
T17:40:00+10:00,0,455,504,493,435
T17:40:00+10:00,0,488,506,496,504
T17:40:00+10:00,0,491,505,449,503
T17:40:00+10:00,0,492,478,450,501
T17:40:00+10:00,0,496,484,448,505
T17:40:00+10:00,0,492,487,447,505
T17:40:00+10:00,0,484,484,447,458
T17:45:00+10:00,0,484,485,453,476
T17:45:00+10:00,0,486,480,483,469
T17:45:00+10:00,0,486,484,487,476
T17:45:00+10:00,0,486,482,490,471
T17:45:00+10:00,0,484,471,486,476
T17:45:00+10:00,0,491,484,485,467
T17:45:00+10:00,0,496,482,483,447
T17:45:00+10:00,4.6109504,495,483,485,447
T17:45:00+10:00,4.6109504,501,475,483,448
T17:45:00+10:00,4.6109504,498,468,488,447
T17:45:00+10:00,4.6109504,462,470,482,446
T17:45:00+10:00,4.6109504,444,469,485,467
T17:45:00+10:00,4.6109504,446,466,519,466
T17:45:00+10:00,4.6109504,439,460,518,468
T17:50:00+10:00,4.6109504,446,462,517,466
T17:50:00+10:00,4.6109504,446,462,517,470
T17:50:00+10:00,4.6109504,466,457,521,482
T17:50:00+10:00,4.6109504,465,462,511,482
T17:50:00+10:00,4.6109504,473,475,506,474
T17:50:00+10:00,4.6109504,466,485,502,481
T17:50:00+10:00,4.6109504,468,489,504,473
T17:50:00+10:00,4.6109504,472,480,498,483
T17:50:00+10:00,4.6109504,512,488,498,463
T17:50:00+10:00,4.6109504,511,491,478,462
T17:50:00+10:00,4.6109504,514,469,477,464
T17:50:00+10:00,4.6109504,511,464,481,463
T17:50:00+10:00,4.6109504,517,472,482,463
T17:50:00+10:00,4.6109504,485,474,476,457
T17:55:00+10:00,4.6109504,484,457,468,484
T17:55:00+10:00,4.6109504,475,464,480,473
T17:55:00+10:00,4.6109504,484,487,479,479
T17:55:00+10:00,4.6109504,479,484,479,479
T17:55:00+10:00,4.6109504,465,488,480,483
T17:55:00+10:00,4.6109504,497,484,476,466
T17:55:00+10:00,4.6109504,496,485,495,465
T17:55:00+10:00,0,495,440,502,458
T17:55:00+10:00,0,493,440,498,451
T17:55:00+10:00,0,490,430,505,456
T17:55:00+10:00,0,507,427,503,459
T17:55:00+10:00,0,464,433,500,500
T17:55:00+10:00,0,456,436,449,513
T17:55:00+10:00,0,457,447,444,397
T17:55:00+10:00,0,456,451,451,398