collection_id,priority,Total running time(min),Pause time(min),Pod_Name
300543077456,2,1440,999.88,Pod1
299996111841,5,1440,384,Pod2
298867645323,2,1440,952.32,Pod3
298311908301,2,1440,1013.88,Pod4
286904951031,2,1440,882.64,Pod5
286898147618,2,1440,1006.32,Pod6
286893948098,1,1440,929.32,Pod7
286860850513,1,1440,874.64,Pod8
286707440750,1,1440,525.56,Pod9
286501394514,9,1440,67.24,Pod10
285756932049,3,1440,995.8,Pod11
285651484130,9,1440,0,Pod12
285606169490,2,1440,1016.6,Pod13
284994285376,2,1440,957.88,Pod14
279253711324,2,1440,1023.72,Pod15
276205682817,5,1440,442.92,Pod16
276205609451,0,1440,853.36,Pod17