api_time,greenpower,default_scheduler,default_limit_scheduler,green_scheduler_without_prediction,green_scheduler_with_prediction(Early15Min)
T07:00:00+10:00,11.56626506,1072,993,531,488
T07:00:00+10:00,11.56626506,1049,973,526,489
T07:00:00+10:00,11.56626506,1073,1003,535,472
T07:00:00+10:00,11.56626506,1080,1001,522,483
T07:00:00+10:00,11.56626506,1099,992,495,475
T07:00:00+10:00,11.56626506,1026,980,490,466
T07:00:00+10:00,11.56626506,1022,979,493,471
T07:00:00+10:00,11.56626506,1035,993,502,473
T07:00:00+10:00,11.56626506,1015,1013,507,515
T07:00:00+10:00,11.56626506,1023,998,498,527
T07:00:00+10:00,11.56626506,992,1015,512,517
T07:00:00+10:00,11.56626506,998,1005,515,518
T07:00:00+10:00,11.56626506,999,1013,511,515
T07:00:00+10:00,11.56626506,986,1011,511,517
T07:05:00+10:00,7.710843373,993,1005,529,525
T07:05:00+10:00,7.710843373,980,982,519,537
T07:05:00+10:00,7.710843373,999,987,518,525
T07:05:00+10:00,7.710843373,1079,990,526,530
T07:05:00+10:00,7.710843373,1050,992,522,533
T07:05:00+10:00,7.710843373,1025,1062,523,538
T07:05:00+10:00,7.710843373,1052,1069,541,537
T07:05:00+10:00,7.710843373,1072,1063,537,554
T07:05:00+10:00,7.710843373,1117,1072,536,539
T07:05:00+10:00,7.710843373,1068,1081,540,522
T07:05:00+10:00,7.710843373,1122,1059,541,520
T07:05:00+10:00,7.710843373,1129,1007,542,495
T07:05:00+10:00,7.710843373,1214,1010,560,499
T07:05:00+10:00,7.710843373,1120,1004,516,509
T07:10:00+10:00,15.42168675,1007,1005,510,494
T07:10:00+10:00,15.42168675,1022,1027,507,501
T07:10:00+10:00,15.42168675,991,1016,508,498
T07:10:00+10:00,15.42168675,955,1017,507,511
T07:10:00+10:00,15.42168675,982,1005,498,506
T07:10:00+10:00,15.42168675,948,999,488,516
T07:10:00+10:00,15.42168675,972,996,487,505
T07:10:00+10:00,15.42168675,1067,1000,484,506
T07:10:00+10:00,15.42168675,1071,997,485,514
T07:10:00+10:00,15.42168675,1077,985,491,515
T07:10:00+10:00,15.42168675,1055,999,505,515
T07:10:00+10:00,15.42168675,1029,964,496,524
T07:10:00+10:00,15.42168675,997,982,512,511
T07:10:00+10:00,15.42168675,1011,1009,508,510
T07:10:00+10:00,34.69879518,968,988,513,500
T07:15:00+10:00,34.69879518,952,985,500,501
T07:15:00+10:00,34.69879518,925,1012,509,501
T07:15:00+10:00,34.69879518,940,982,497,503
T07:15:00+10:00,34.69879518,1018,1003,498,499
T07:15:00+10:00,34.69879518,1002,1029,494,503
T07:15:00+10:00,34.69879518,1007,1062,502,502
T07:15:00+10:00,34.69879518,1033,1081,492,497
T07:15:00+10:00,34.69879518,1028,1077,485,510
T07:15:00+10:00,34.69879518,1007,1069,480,502
T07:15:00+10:00,34.69879518,1022,1034,481,502
T07:15:00+10:00,34.69879518,1027,975,479,518
T07:15:00+10:00,34.69879518,999,968,475,517
T07:15:00+10:00,34.69879518,999,990,513,519
T07:15:00+10:00,96.38554217,1038,1000,515,515
T07:20:00+10:00,96.38554217,1035,979,522,511
T07:20:00+10:00,96.38554217,1021,974,519,512
T07:20:00+10:00,96.38554217,1048,1003,525,516
T07:20:00+10:00,96.38554217,1049,1040,531,512
T07:20:00+10:00,96.38554217,1082,984,522,516
T07:20:00+10:00,96.38554217,1058,1010,536,523
T07:20:00+10:00,96.38554217,1038,989,532,502
T07:20:00+10:00,96.38554217,1043,1005,524,463
T07:20:00+10:00,96.38554217,996,1027,533,498
T07:20:00+10:00,96.38554217,998,1035,519,496
T07:20:00+10:00,96.38554217,998,1039,513,500
T07:20:00+10:00,96.38554217,978,1051,513,498
T07:20:00+10:00,96.38554217,969,1047,512,506
T07:20:00+10:00,131.0843373,982,1046,513,488
T07:25:00+10:00,131.0843373,991,1004,515,493
T07:25:00+10:00,131.0843373,988,1028,534,486
T07:25:00+10:00,131.0843373,991,986,535,492
T07:25:00+10:00,131.0843373,1028,996,540,482
T07:25:00+10:00,131.0843373,1094,984,549,495
T07:25:00+10:00,131.0843373,1064,991,541,502
T07:25:00+10:00,131.0843373,1098,983,527,502
T07:25:00+10:00,131.0843373,1040,981,508,503
T07:25:00+10:00,131.0843373,1073,989,500,503
T07:25:00+10:00,131.0843373,1088,993,499,500
T07:25:00+10:00,131.0843373,1100,987,503,493
T07:25:00+10:00,131.0843373,1093,996,511,493
T07:25:00+10:00,131.0843373,1087,1006,533,491
T07:25:00+10:00,158.0722892,1106,1005,537,492
T07:25:00+10:00,158.0722892,1043,1000,536,494
T07:30:00+10:00,158.0722892,1059,1027,539,503
T07:30:00+10:00,158.0722892,1063,1014,551,507
T07:30:00+10:00,158.0722892,1049,981,525,483
T07:30:00+10:00,158.0722892,1057,985,496,487
T07:30:00+10:00,158.0722892,1066,993,500,511
T07:30:00+10:00,158.0722892,1090,985,504,515
T07:30:00+10:00,158.0722892,1068,961,504,508
T07:30:00+10:00,158.0722892,1081,1055,517,500
T07:30:00+10:00,158.0722892,1057,1051,508,500
T07:30:00+10:00,158.0722892,995,1081,518,499
T07:30:00+10:00,158.0722892,1027,1076,514,506
T07:30:00+10:00,158.0722892,905,1083,521,511
T07:30:00+10:00,173.4939759,961,1072,523,541
T07:30:00+10:00,173.4939759,996,1077,526,526
T07:35:00+10:00,173.4939759,940,1050,475,534
T07:35:00+10:00,173.4939759,922,1062,476,530
T07:35:00+10:00,173.4939759,907,1076,466,512
T07:35:00+10:00,173.4939759,927,1058,466,512
T07:35:00+10:00,173.4939759,936,1063,468,504
T07:35:00+10:00,173.4939759,932,1052,483,493
T07:35:00+10:00,173.4939759,965,1025,504,497
T07:35:00+10:00,173.4939759,986,1032,513,481
T07:35:00+10:00,173.4939759,1026,1057,505,487
T07:35:00+10:00,173.4939759,1039,1053,509,483
T07:35:00+10:00,173.4939759,1009,1048,507,501
T07:35:00+10:00,173.4939759,1022,1011,501,490
T07:35:00+10:00,185.060241,1019,1043,496,517
T07:35:00+10:00,185.060241,1064,1033,492,505
T07:40:00+10:00,185.060241,947,1000,505,502
T07:40:00+10:00,185.060241,1001,993,504,484
T07:40:00+10:00,185.060241,998,1077,500,484
T07:40:00+10:00,185.060241,1003,1136,487,482
T07:40:00+10:00,185.060241,1021,1138,483,487
T07:40:00+10:00,185.060241,1017,1150,482,456
T07:40:00+10:00,185.060241,1057,1156,483,451
T07:40:00+10:00,185.060241,1058,1125,480,491
T07:40:00+10:00,185.060241,1041,1041,478,500
T07:40:00+10:00,185.060241,1063,1028,484,494
T07:40:00+10:00,185.060241,1020,1050,480,519
T07:40:00+10:00,185.060241,1041,1026,484,516
T07:40:00+10:00,320,1010,1030,486,504
T07:40:00+10:00,320,1015,1037,489,494
T07:45:00+10:00,320,1013,994,500,493
T07:45:00+10:00,320,1013,1012,501,494
T07:45:00+10:00,320,1037,986,501,643
T07:45:00+10:00,320,964,1021,502,639
T07:45:00+10:00,320,952,983,504,638
T07:45:00+10:00,320,950,979,508,648
T07:45:00+10:00,320,946,997,504,652
T07:45:00+10:00,320,946,1026,505,675
T07:45:00+10:00,320,948,1030,506,656
T07:45:00+10:00,320,902,1021,503,653
T07:45:00+10:00,320,986,1000,499,664
T07:45:00+10:00,320,962,1057,516,656
T07:45:00+10:00,146.5060241,1055,1026,528,630
T07:45:00+10:00,146.5060241,1016,1046,528,602
T07:45:00+10:00,146.5060241,1083,1051,532,633
T07:50:00+10:00,146.5060241,1058,1050,529,636
T07:50:00+10:00,146.5060241,1090,1043,508,662
T07:50:00+10:00,146.5060241,1113,995,490,665
T07:50:00+10:00,146.5060241,1067,1025,504,669
T07:50:00+10:00,146.5060241,1000,1018,496,659
T07:50:00+10:00,146.5060241,964,1017,496,623
T07:50:00+10:00,146.5060241,904,998,500,645
T07:50:00+10:00,146.5060241,900,1002,507,638
T07:50:00+10:00,146.5060241,947,1045,522,651
T07:50:00+10:00,146.5060241,936,1027,526,665
T07:50:00+10:00,146.5060241,959,1036,511,660
T07:50:00+10:00,339.2771084,1015,1048,514,663
T07:50:00+10:00,339.2771084,1089,1041,509,662
T07:50:00+10:00,339.2771084,1079,1024,489,661
T07:55:00+10:00,339.2771084,1086,1032,488,645
T07:55:00+10:00,339.2771084,1072,1013,490,636
T07:55:00+10:00,339.2771084,1058,1018,490,633
T07:55:00+10:00,339.2771084,969,1042,491,631
T07:55:00+10:00,339.2771084,958,1012,481,639
T07:55:00+10:00,339.2771084,943,1056,526,596
T07:55:00+10:00,339.2771084,987,1057,531,598
T07:55:00+10:00,339.2771084,967,1050,542,599
T07:55:00+10:00,339.2771084,992,1049,538,647
T07:55:00+10:00,339.2771084,1015,1087,556,615
T07:55:00+10:00,339.2771084,1066,1049,540,588
T07:55:00+10:00,331.5662651,1052,1024,519,569
T07:55:00+10:00,331.5662651,1071,1039,516,596
T07:55:00+10:00,331.5662651,1060,1042,524,570
T08:00:00+10:00,331.5662651,1053,1050,513,572
T08:00:00+10:00,331.5662651,1034,1038,522,588
T08:00:00+10:00,331.5662651,1032,1021,503,574
T08:00:00+10:00,331.5662651,1031,1025,502,587
T08:00:00+10:00,331.5662651,1011,1012,493,577
T08:00:00+10:00,331.5662651,1004,1005,509,569
T08:00:00+10:00,331.5662651,948,1011,499,568
T08:00:00+10:00,331.5662651,950,1005,521,600
T08:00:00+10:00,331.5662651,1038,993,508,588
T08:00:00+10:00,331.5662651,1017,1007,517,586
T08:00:00+10:00,331.5662651,1000,1003,518,584
T08:00:00+10:00,381.686747,936,998,530,588
T08:00:00+10:00,381.686747,1026,1029,516,591
T08:00:00+10:00,381.686747,971,990,522,573
T08:00:00+10:00,381.686747,1042,984,515,567
T08:05:00+10:00,381.686747,995,978,506,573
T08:05:00+10:00,381.686747,988,985,496,575
T08:05:00+10:00,381.686747,1029,971,501,561
T08:05:00+10:00,381.686747,1025,961,517,558
T08:05:00+10:00,381.686747,1067,1057,516,578
T08:05:00+10:00,381.686747,1024,1048,510,573
T08:05:00+10:00,381.686747,1048,1068,511,593
T08:05:00+10:00,381.686747,1083,1082,516,594
T08:05:00+10:00,381.686747,998,1094,521,594
T08:05:00+10:00,381.686747,981,1077,512,606
T08:05:00+10:00,493.4939759,987,1045,531,614
T08:05:00+10:00,493.4939759,947,1031,513,620
T08:05:00+10:00,493.4939759,950,1007,517,606
T08:05:00+10:00,493.4939759,923,1028,520,607
T08:10:00+10:00,493.4939759,920,1034,524,607
T08:10:00+10:00,493.4939759,934,1026,495,603
T08:10:00+10:00,493.4939759,945,995,497,601
T08:10:00+10:00,493.4939759,950,1005,501,606
T08:10:00+10:00,493.4939759,967,992,504,600
T08:10:00+10:00,493.4939759,971,991,505,621
T08:10:00+10:00,493.4939759,1021,992,523,588
T08:10:00+10:00,493.4939759,1063,997,524,585
T08:10:00+10:00,493.4939759,1052,993,524,576
T08:10:00+10:00,493.4939759,1072,998,535,574
T08:10:00+10:00,609.1566265,1074,1002,528,575
T08:10:00+10:00,609.1566265,1027,1029,530,587
T08:10:00+10:00,609.1566265,1000,1030,514,638
T08:10:00+10:00,609.1566265,966,1067,516,633
T08:15:00+10:00,609.1566265,997,1088,508,646
T08:15:00+10:00,609.1566265,1002,1062,495,628
T08:15:00+10:00,609.1566265,1010,1064,495,650
T08:15:00+10:00,609.1566265,1019,1046,491,648
T08:15:00+10:00,609.1566265,1036,1015,486,647
T08:15:00+10:00,609.1566265,1011,988,508,668
T08:15:00+10:00,609.1566265,1017,987,484,658
T08:15:00+10:00,609.1566265,1026,996,515,656
T08:15:00+10:00,609.1566265,1020,978,506,651
T08:15:00+10:00,609.1566265,963,987,507,639
T08:15:00+10:00,578.313253,969,1000,518,616
T08:15:00+10:00,578.313253,939,989,514,600
T08:15:00+10:00,578.313253,947,992,514,611
T08:15:00+10:00,578.313253,967,993,525,612
T08:20:00+10:00,578.313253,980,1000,516,616
T08:20:00+10:00,578.313253,987,999,512,589
T08:20:00+10:00,578.313253,989,1084,498,645
T08:20:00+10:00,578.313253,1013,1093,507,680
T08:20:00+10:00,578.313253,1044,1117,512,648
T08:20:00+10:00,578.313253,996,1118,518,636
T08:20:00+10:00,578.313253,981,1104,503,653
T08:20:00+10:00,578.313253,995,1117,499,653
T08:20:00+10:00,578.313253,1015,1102,518,662
T08:20:00+10:00,578.313253,1030,1070,519,657
T08:20:00+10:00,551.3253012,1012,1087,534,652
T08:20:00+10:00,551.3253012,1022,1087,523,653
T08:20:00+10:00,551.3253012,1039,1100,528,676
T08:20:00+10:00,551.3253012,1137,1094,522,679
T08:20:00+10:00,551.3253012,1082,1048,517,691
T08:25:00+10:00,551.3253012,1096,1047,516,680
T08:25:00+10:00,551.3253012,1096,1043,514,675
T08:25:00+10:00,551.3253012,1099,1016,513,682
T08:25:00+10:00,551.3253012,1038,1010,668,659
T08:25:00+10:00,551.3253012,992,1025,688,654
T08:25:00+10:00,551.3253012,1015,1016,693,653
T08:25:00+10:00,551.3253012,1024,1018,700,647
T08:25:00+10:00,551.3253012,1013,1029,704,657
T08:25:00+10:00,551.3253012,998,1037,721,654
T08:25:00+10:00,763.373494,978,1067,705,595
T08:25:00+10:00,763.373494,970,1075,681,633
T08:25:00+10:00,763.373494,979,1070,682,648
T08:25:00+10:00,763.373494,979,1087,683,667
T08:25:00+10:00,763.373494,928,1072,685,664
T08:30:00+10:00,763.373494,948,1082,687,682
T08:30:00+10:00,763.373494,977,1084,693,705
T08:30:00+10:00,763.373494,985,1087,693,700
T08:30:00+10:00,763.373494,976,1044,699,684
T08:30:00+10:00,763.373494,975,1036,699,724
T08:30:00+10:00,763.373494,986,1020,702,711
T08:30:00+10:00,763.373494,966,1023,695,663
T08:30:00+10:00,763.373494,987,1039,685,637
T08:30:00+10:00,763.373494,948,1055,664,651
T08:30:00+10:00,763.373494,948,1038,668,644
T08:30:00+10:00,763.373494,951,904,672,662
T08:30:00+10:00,763.373494,967,871,669,672
T08:30:00+10:00,763.373494,1026,993,672,672
T08:30:00+10:00,763.373494,1036,1036,674,691
T08:35:00+10:00,763.373494,1092,1049,665,691
T08:35:00+10:00,763.373494,1070,1041,670,689
T08:35:00+10:00,763.373494,1086,1049,661,686
T08:35:00+10:00,763.373494,1046,1057,632,686
T08:35:00+10:00,763.373494,1015,1071,626,614
T08:35:00+10:00,763.373494,1006,1078,687,609
T08:35:00+10:00,763.373494,1013,1086,661,614
T08:35:00+10:00,763.373494,1013,1061,640,613
T08:35:00+10:00,763.373494,980,998,643,618
T08:35:00+10:00,728.6746988,923,1057,649,628
T08:35:00+10:00,728.6746988,985,1027,697,630
T08:35:00+10:00,728.6746988,1035,1044,677,627
T08:35:00+10:00,728.6746988,1002,1028,673,632
T08:35:00+10:00,728.6746988,1061,1100,665,636
T08:35:00+10:00,728.6746988,1022,1085,653,642
T08:40:00+10:00,728.6746988,1114,1063,635,641
T08:40:00+10:00,728.6746988,1050,1057,612,638
T08:40:00+10:00,728.6746988,1046,1079,614,633
T08:40:00+10:00,728.6746988,1041,1049,618,631
T08:40:00+10:00,728.6746988,1011,1077,612,613
T08:40:00+10:00,728.6746988,965,1081,601,621
T08:40:00+10:00,728.6746988,974,1034,613,619
T08:40:00+10:00,728.6746988,997,1032,606,608
T08:40:00+10:00,828.9156627,1033,1003,610,615
T08:40:00+10:00,828.9156627,1063,981,616,606
T08:40:00+10:00,828.9156627,1047,973,581,643
T08:40:00+10:00,828.9156627,997,1010,579,660
T08:40:00+10:00,828.9156627,1017,1037,564,682
T08:40:00+10:00,828.9156627,1115,1072,590,689
T08:45:00+10:00,828.9156627,1148,1055,582,828
T08:45:00+10:00,828.9156627,1147,1054,595,832
T08:45:00+10:00,828.9156627,1164,1026,587,822
T08:45:00+10:00,828.9156627,1181,1038,590,835
T08:45:00+10:00,828.9156627,1158,1040,571,850
T08:45:00+10:00,828.9156627,1060,1033,575,852
T08:45:00+10:00,828.9156627,1048,1013,568,854
T08:45:00+10:00,828.9156627,1077,1027,584,854
T08:45:00+10:00,855.9036145,1107,1024,571,870
T08:45:00+10:00,855.9036145,1135,967,574,772
T08:45:00+10:00,855.9036145,1119,977,573,778
T08:45:00+10:00,855.9036145,1121,984,568,800
T08:45:00+10:00,855.9036145,1063,974,570,819
T08:45:00+10:00,855.9036145,1066,976,570,815
T08:50:00+10:00,855.9036145,1044,977,573,812
T08:50:00+10:00,855.9036145,1062,1024,571,844
T08:50:00+10:00,855.9036145,1065,1013,616,862
T08:50:00+10:00,855.9036145,1064,1015,619,839
T08:50:00+10:00,855.9036145,1064,1025,613,831
T08:50:00+10:00,855.9036145,1011,1038,611,819
T08:50:00+10:00,855.9036145,983,1053,626,827
T08:50:00+10:00,855.9036145,978,1042,610,798
T08:50:00+10:00,867.4698795,970,1081,611,795
T08:50:00+10:00,867.4698795,987,1052,605,655
T08:50:00+10:00,867.4698795,970,1065,479,710
T08:50:00+10:00,867.4698795,968,1045,528,721
T08:50:00+10:00,867.4698795,972,1013,551,720
T08:50:00+10:00,867.4698795,1039,1035,551,743
T08:50:00+10:00,867.4698795,1019,1074,592,758
T08:55:00+10:00,867.4698795,1023,1038,750,726
T08:55:00+10:00,867.4698795,1029,1010,741,764
T08:55:00+10:00,867.4698795,1028,1029,753,700
T08:55:00+10:00,867.4698795,1045,1034,732,738
T08:55:00+10:00,867.4698795,1008,1004,755,710
T08:55:00+10:00,867.4698795,1093,1015,766,720
T08:55:00+10:00,867.4698795,1059,1018,750,695
T08:55:00+10:00,940.7228916,1074,1003,707,691
T08:55:00+10:00,940.7228916,1013,1042,703,707
T08:55:00+10:00,940.7228916,977,1016,683,735
T08:55:00+10:00,940.7228916,978,1046,694,717
T08:55:00+10:00,940.7228916,968,1028,702,679
T08:55:00+10:00,940.7228916,980,1014,712,731
T08:55:00+10:00,940.7228916,983,1028,706,714
T09:00:00+10:00,940.7228916,1014,991,718,698
T09:00:00+10:00,940.7228916,1087,963,720,690
T09:00:00+10:00,940.7228916,1032,951,723,678
T09:00:00+10:00,940.7228916,906,958,720,678
T09:00:00+10:00,940.7228916,994,999,743,681
T09:00:00+10:00,940.7228916,1064,1022,737,677
T09:00:00+10:00,940.7228916,1053,1030,733,671
T09:00:00+10:00,786.5060241,1051,1046,725,702
T09:00:00+10:00,786.5060241,1092,1055,712,721
T09:00:00+10:00,786.5060241,1071,1054,704,713
T09:00:00+10:00,786.5060241,998,1031,697,696
T09:00:00+10:00,786.5060241,1008,997,715,696
T09:00:00+10:00,786.5060241,1018,998,718,676
T09:00:00+10:00,786.5060241,1027,983,721,653
T09:05:00+10:00,786.5060241,1021,971,696,680
T09:05:00+10:00,786.5060241,1025,1025,675,710
T09:05:00+10:00,786.5060241,947,971,653,711
T09:05:00+10:00,786.5060241,953,1053,733,714
T09:05:00+10:00,786.5060241,937,1049,747,696
T09:05:00+10:00,786.5060241,937,1043,714,697
T09:05:00+10:00,786.5060241,931,1049,710,697
T09:05:00+10:00,963.8554217,961,1053,702,650
T09:05:00+10:00,963.8554217,935,1049,784,606
T09:05:00+10:00,963.8554217,952,1053,718,614
T09:05:00+10:00,963.8554217,956,1057,709,682
T09:05:00+10:00,963.8554217,931,1093,705,689
T09:05:00+10:00,963.8554217,954,1073,710,689
T09:05:00+10:00,963.8554217,961,1069,698,682
T09:10:00+10:00,963.8554217,977,1024,689,674
T09:10:00+10:00,963.8554217,955,996,650,689
T09:10:00+10:00,963.8554217,969,1032,680,694
T09:10:00+10:00,963.8554217,999,1017,645,721
T09:10:00+10:00,963.8554217,977,1015,644,655
T09:10:00+10:00,963.8554217,962,1023,632,699
T09:10:00+10:00,963.8554217,957,1026,643,655
T09:10:00+10:00,1025.542169,999,1014,640,626
T09:10:00+10:00,1025.542169,979,1011,607,624
T09:10:00+10:00,1025.542169,995,1003,624,633
T09:10:00+10:00,1025.542169,1007,1005,625,642
T09:10:00+10:00,1025.542169,974,974,665,834
T09:10:00+10:00,1025.542169,985,1043,658,838
T09:10:00+10:00,1025.542169,1007,1065,644,863
T09:10:00+10:00,1025.542169,973,1131,641,859
T09:15:00+10:00,1025.542169,968,1137,647,899
T09:15:00+10:00,1025.542169,939,1122,664,839
T09:15:00+10:00,1025.542169,944,1121,618,850
T09:15:00+10:00,1025.542169,936,1044,648,836
T09:15:00+10:00,1025.542169,935,1029,655,853
T09:15:00+10:00,1025.542169,960,1035,650,906
T09:15:00+10:00,1056.385542,955,1039,638,843
T09:15:00+10:00,1056.385542,966,1042,648,824
T09:15:00+10:00,1056.385542,1068,995,624,838
T09:15:00+10:00,1056.385542,1095,992,623,876
T09:15:00+10:00,1056.385542,1061,1000,641,824
T09:15:00+10:00,1056.385542,1064,994,654,851
T09:15:00+10:00,1056.385542,1057,970,623,851
T09:15:00+10:00,1056.385542,985,986,665,850
T09:20:00+10:00,1056.385542,967,1044,657,817
T09:20:00+10:00,1056.385542,960,1016,683,840
T09:20:00+10:00,1056.385542,995,1018,679,821
T09:20:00+10:00,1056.385542,1052,1022,687,810
T09:20:00+10:00,1056.385542,1036,1010,679,826
T09:20:00+10:00,1056.385542,1087,1021,674,840
T09:20:00+10:00,1087.228916,1088,1048,672,823
T09:20:00+10:00,1087.228916,1121,1061,666,823
T09:20:00+10:00,1087.228916,1064,1070,652,862
T09:20:00+10:00,1087.228916,1058,1057,664,830
T09:20:00+10:00,1087.228916,982,1082,712,792
T09:20:00+10:00,1087.228916,962,1076,827,829
T09:20:00+10:00,1087.228916,970,1106,878,841
T09:20:00+10:00,1087.228916,962,1122,870,839
T09:25:00+10:00,1087.228916,982,1124,904,792
T09:25:00+10:00,1087.228916,982,1121,897,839
T09:25:00+10:00,1087.228916,1023,1092,928,744
T09:25:00+10:00,1087.228916,1026,1035,899,817
T09:25:00+10:00,1087.228916,1046,1007,886,793
T09:25:00+10:00,1087.228916,1059,1018,923,817
T09:25:00+10:00,1129.638554,1062,1014,893,817
T09:25:00+10:00,1129.638554,1024,1025,889,836
T09:25:00+10:00,1129.638554,1011,1029,843,835
T09:25:00+10:00,1129.638554,1012,1023,839,866
T09:25:00+10:00,1129.638554,1012,1018,845,822
T09:25:00+10:00,1129.638554,1029,1000,840,787
T09:25:00+10:00,1129.638554,1010,1003,841,805
T09:25:00+10:00,1129.638554,1014,992,839,815
T09:25:00+10:00,1129.638554,988,998,817,806
T09:30:00+10:00,1129.638554,1044,1055,810,802
T09:30:00+10:00,1129.638554,1071,1047,823,820
T09:30:00+10:00,1129.638554,1061,1057,834,807
T09:30:00+10:00,1129.638554,1082,1074,853,763
T09:30:00+10:00,1129.638554,1075,1092,879,770
T09:30:00+10:00,1156.626506,1124,1094,917,799
T09:30:00+10:00,1156.626506,1120,1104,922,759
T09:30:00+10:00,1156.626506,1086,1112,956,718
T09:30:00+10:00,1156.626506,1003,1101,916,734
T09:30:00+10:00,1156.626506,1028,1098,899,750
T09:30:00+10:00,1156.626506,956,1051,836,749
T09:30:00+10:00,1156.626506,1021,1045,819,744
T09:30:00+10:00,1156.626506,1033,1033,829,789
T09:30:00+10:00,1156.626506,1006,1031,821,792
T09:35:00+10:00,1156.626506,1003,1033,785,782
T09:35:00+10:00,1156.626506,1016,1015,852,770
T09:35:00+10:00,1156.626506,1043,1032,908,790
T09:35:00+10:00,1156.626506,1058,1006,957,758
T09:35:00+10:00,1156.626506,1033,1001,941,715
T09:35:00+10:00,1137.349398,1020,999,941,728
T09:35:00+10:00,1137.349398,1038,998,855,766
T09:35:00+10:00,1137.349398,956,979,860,765
T09:35:00+10:00,1137.349398,933,1003,878,780
T09:35:00+10:00,1137.349398,953,1044,843,808
T09:35:00+10:00,1137.349398,964,1055,818,790
T09:35:00+10:00,1137.349398,956,1050,862,783
T09:35:00+10:00,1137.349398,962,1053,813,744
T09:35:00+10:00,1137.349398,960,1054,795,752
T09:40:00+10:00,1137.349398,1030,1059,800,740
T09:40:00+10:00,1137.349398,1042,1054,763,744
T09:40:00+10:00,1137.349398,1048,1088,752,742
T09:40:00+10:00,1137.349398,1080,1076,821,736
T09:40:00+10:00,1137.349398,1071,1067,831,724
T09:40:00+10:00,1183.614458,1101,1077,834,849
T09:40:00+10:00,1183.614458,1083,1008,848,922
T09:40:00+10:00,1183.614458,1044,1017,883,940
T09:40:00+10:00,1183.614458,1018,1013,883,956
T09:40:00+10:00,1183.614458,978,1012,812,1043
T09:40:00+10:00,1183.614458,1009,1006,803,1097
T09:40:00+10:00,1183.614458,1037,1013,842,1067
T09:40:00+10:00,1183.614458,1027,1016,809,1106
T09:40:00+10:00,1183.614458,1013,1008,793,1106
T09:45:00+10:00,1183.614458,1004,1020,794,1116
T09:45:00+10:00,1183.614458,1002,1017,815,1061
T09:45:00+10:00,1183.614458,980,1014,803,1095
T09:45:00+10:00,1183.614458,948,997,803,990
T09:45:00+10:00,1183.614458,933,1015,795,1045
T09:45:00+10:00,1187.46988,961,1018,818,1042
T09:45:00+10:00,1187.46988,999,965,808,1056
T09:45:00+10:00,1187.46988,1030,1032,815,1065
T09:45:00+10:00,1187.46988,1070,1040,824,1051
T09:45:00+10:00,1187.46988,1119,1048,798,1106
T09:45:00+10:00,1187.46988,1135,1027,804,1092
T09:45:00+10:00,1187.46988,1133,1047,791,1108
T09:45:00+10:00,1187.46988,1122,1047,794,1189
T09:45:00+10:00,1187.46988,1110,1024,804,1195
T09:45:00+10:00,1187.46988,1024,1001,790,1116
T09:50:00+10:00,1187.46988,974,972,796,1020
T09:50:00+10:00,1187.46988,1000,985,782,1029
T09:50:00+10:00,1187.46988,1013,997,812,1044
T09:50:00+10:00,1187.46988,997,1010,827,995
T09:50:00+10:00,1310.843373,987,999,853,984
T09:50:00+10:00,1310.843373,956,1084,1030,971
T09:50:00+10:00,1310.843373,970,1092,1039,960
T09:50:00+10:00,1310.843373,974,1097,1129,936
T09:50:00+10:00,1310.843373,1019,1102,1125,963
T09:50:00+10:00,1310.843373,1020,1108,1083,938
T09:50:00+10:00,1310.843373,1014,1093,1078,985
T09:50:00+10:00,1310.843373,1007,1013,1064,1034
T09:50:00+10:00,1310.843373,965,1034,1054,1072
T09:50:00+10:00,1310.843373,940,1007,1054,1060
T09:55:00+10:00,1310.843373,926,993,1089,1082
T09:55:00+10:00,1310.843373,936,981,1078,1051
T09:55:00+10:00,1310.843373,1010,1019,1073,968
T09:55:00+10:00,1310.843373,1026,981,1049,953
T09:55:00+10:00,516.626506,1052,967,932,940
T09:55:00+10:00,516.626506,1108,986,915,902
T09:55:00+10:00,516.626506,1133,971,936,933
T09:55:00+10:00,516.626506,1088,975,898,952
T09:55:00+10:00,516.626506,1032,1033,955,1002
T09:55:00+10:00,516.626506,1029,1031,950,1047
T09:55:00+10:00,516.626506,1007,1044,994,1063
T09:55:00+10:00,516.626506,1003,1030,1001,1041
T09:55:00+10:00,516.626506,957,1047,1003,1060
T09:55:00+10:00,516.626506,947,986,929,1014
T10:00:00+10:00,516.626506,929,982,937,1019
T10:00:00+10:00,516.626506,949,1001,1009,1027
T10:00:00+10:00,516.626506,956,1020,998,1040
T10:00:00+10:00,516.626506,970,1019,938,1017
T10:00:00+10:00,439.5180723,951,989,993,1000
T10:00:00+10:00,439.5180723,973,993,986,1047
T10:00:00+10:00,439.5180723,992,1047,1012,1054
T10:00:00+10:00,439.5180723,990,1077,1021,1061
T10:00:00+10:00,439.5180723,1010,1057,1030,1040
T10:00:00+10:00,439.5180723,1007,1042,1067,1058
T10:00:00+10:00,439.5180723,995,1047,1051,1072
T10:00:00+10:00,439.5180723,1006,1024,1022,994
T10:00:00+10:00,439.5180723,1077,1022,956,993
T10:00:00+10:00,439.5180723,1031,1031,960,998
T10:00:00+10:00,439.5180723,1033,1048,974,1033
T10:05:00+10:00,439.5180723,1025,1074,965,1038
T10:05:00+10:00,439.5180723,1041,1057,971,1036
T10:05:00+10:00,439.5180723,1059,1044,979,1039
T10:05:00+10:00,1141.204819,1003,1063,1042,1023
T10:05:00+10:00,1141.204819,1024,1060,975,948
T10:05:00+10:00,1141.204819,988,1049,953,938
T10:05:00+10:00,1141.204819,1030,1064,952,962
T10:05:00+10:00,1141.204819,1020,1030,938,955
T10:05:00+10:00,1141.204819,1027,1016,965,1024
T10:05:00+10:00,1141.204819,1035,978,926,1038
T10:05:00+10:00,1141.204819,998,1003,943,1083
T10:05:00+10:00,1141.204819,1006,1003,934,1069
T10:05:00+10:00,1141.204819,1009,1004,903,960
T10:05:00+10:00,1141.204819,1001,951,973,978
T10:10:00+10:00,1141.204819,1050,1031,869,981
T10:10:00+10:00,1141.204819,1075,1016,864,978
T10:10:00+10:00,1141.204819,1073,1033,859,976
T10:10:00+10:00,728.6746988,1051,1025,867,994
T10:10:00+10:00,728.6746988,1087,1060,878,1057
T10:10:00+10:00,728.6746988,1037,1075,927,1105
T10:10:00+10:00,728.6746988,1057,1020,929,1114
T10:10:00+10:00,728.6746988,1039,1019,929,1081
T10:10:00+10:00,728.6746988,1053,1034,928,1098
T10:10:00+10:00,728.6746988,1023,1021,897,1011
T10:10:00+10:00,728.6746988,1040,1002,891,982
T10:10:00+10:00,728.6746988,1056,997,866,1004
T10:10:00+10:00,728.6746988,1070,967,850,954
T10:10:00+10:00,728.6746988,1063,1005,849,973
T10:15:00+10:00,728.6746988,1055,978,839,957
T10:15:00+10:00,728.6746988,1053,995,836,1078
T10:15:00+10:00,728.6746988,1001,999,868,1077
T10:15:00+10:00,416.3855422,1015,991,911,1096
T10:15:00+10:00,416.3855422,1025,1005,889,1092
T10:15:00+10:00,416.3855422,1032,1029,945,1101
T10:15:00+10:00,416.3855422,1042,1017,915,1053
T10:15:00+10:00,416.3855422,1009,1031,1000,1093
T10:15:00+10:00,416.3855422,1034,1031,1004,1112
T10:15:00+10:00,416.3855422,1070,1056,991,1101
T10:15:00+10:00,416.3855422,1071,1038,991,1092
T10:15:00+10:00,416.3855422,1021,1042,1049,1072
T10:15:00+10:00,416.3855422,1044,1041,997,1083
T10:15:00+10:00,416.3855422,1018,1049,979,1117
T10:15:00+10:00,416.3855422,941,1031,1012,1078
T10:20:00+10:00,416.3855422,937,1008,992,1059
T10:20:00+10:00,416.3855422,927,1002,949,1051
T10:20:00+10:00,1017.831325,948,1003,993,1082
T10:20:00+10:00,1017.831325,930,1001,992,1075
T10:20:00+10:00,1017.831325,958,977,1038,1077
T10:20:00+10:00,1017.831325,992,997,980,1065
T10:20:00+10:00,1017.831325,1035,1015,1015,1080
T10:20:00+10:00,1017.831325,1077,1054,1024,1085
T10:20:00+10:00,1017.831325,1046,1031,1048,1010
T10:20:00+10:00,1017.831325,1013,1067,1053,991
T10:20:00+10:00,1017.831325,994,1055,1069,1001
T10:20:00+10:00,1017.831325,1031,1001,1043,1024
T10:20:00+10:00,1017.831325,1035,975,1054,1015
T10:20:00+10:00,1017.831325,1079,1014,933,1023
T10:25:00+10:00,1017.831325,1090,1027,932,1096
T10:25:00+10:00,1017.831325,1054,1018,957,1096
T10:25:00+10:00,1430.361446,991,993,976,1082
T10:25:00+10:00,1430.361446,1033,1012,967,1100
T10:25:00+10:00,1430.361446,1025,1016,977,1101
T10:25:00+10:00,1430.361446,1016,985,1055,1150
T10:25:00+10:00,1430.361446,1006,996,1035,1146
T10:25:00+10:00,1430.361446,1009,997,1059,1102
T10:25:00+10:00,1430.361446,1062,993,1061,1119
T10:25:00+10:00,1430.361446,1027,1041,1030,1111
T10:25:00+10:00,1430.361446,1050,1046,997,1088
T10:25:00+10:00,1430.361446,1038,1051,1051,1047
T10:25:00+10:00,1430.361446,1056,1050,1040,1041
T10:25:00+10:00,1430.361446,1094,1017,1056,1028
T10:30:00+10:00,1430.361446,1064,1002,1036,1005
T10:30:00+10:00,1430.361446,1022,949,1029,1039
T10:30:00+10:00,1495.903614,1035,961,960,1048
T10:30:00+10:00,1495.903614,1045,968,962,1073
T10:30:00+10:00,1495.903614,1080,978,992,1057
T10:30:00+10:00,1495.903614,1000,999,1009,1120
T10:30:00+10:00,1495.903614,1011,1027,985,1069
T10:30:00+10:00,1495.903614,991,1050,974,1021
T10:30:00+10:00,1495.903614,994,1044,958,1018
T10:30:00+10:00,1495.903614,961,1038,919,1034
T10:30:00+10:00,1495.903614,954,1024,914,963
T10:30:00+10:00,1495.903614,982,1013,975,995
T10:30:00+10:00,1495.903614,1023,1007,949,985
T10:30:00+10:00,1495.903614,1029,989,957,1069
T10:35:00+10:00,1495.903614,1045,1030,983,1051
T10:35:00+10:00,1495.903614,1049,1042,1004,1066
T10:35:00+10:00,983.1325301,1040,1040,1001,1020
T10:35:00+10:00,983.1325301,1008,1044,1004,1035
T10:35:00+10:00,983.1325301,1006,1044,918,1047
T10:35:00+10:00,983.1325301,965,1009,942,1065
T10:35:00+10:00,983.1325301,966,1014,947,1069
T10:35:00+10:00,983.1325301,974,1046,954,1070
T10:35:00+10:00,983.1325301,970,1113,937,1099
T10:35:00+10:00,983.1325301,1022,1090,987,1058
T10:35:00+10:00,983.1325301,1034,1073,972,1016
T10:35:00+10:00,983.1325301,1066,1081,995,1018
T10:35:00+10:00,983.1325301,1024,1036,985,1006
T10:35:00+10:00,983.1325301,1047,1022,990,966
T10:35:00+10:00,983.1325301,1037,1030,976,992
T10:40:00+10:00,983.1325301,1060,1011,974,953
T10:40:00+10:00,1067.951807,1050,1012,911,1023
T10:40:00+10:00,1067.951807,1043,1019,937,1056
T10:40:00+10:00,1067.951807,1040,1018,942,1091
T10:40:00+10:00,1067.951807,984,1008,949,1074
T10:40:00+10:00,1067.951807,961,1009,967,1089
T10:40:00+10:00,1067.951807,967,999,967,1072
T10:40:00+10:00,1067.951807,946,994,927,1099
T10:40:00+10:00,1067.951807,944,999,901,1093
T10:40:00+10:00,1067.951807,955,1040,891,1098
T10:40:00+10:00,1067.951807,929,1021,900,1096
T10:40:00+10:00,1067.951807,933,1008,882,1094
T10:40:00+10:00,1067.951807,930,1044,905,1049
T10:40:00+10:00,1067.951807,949,1002,907,1089
T10:45:00+10:00,1067.951807,955,1001,921,1059
T10:45:00+10:00,1368.674699,976,991,917,1076
T10:45:00+10:00,1368.674699,964,983,922,1070
T10:45:00+10:00,1368.674699,1050,981,998,1056
T10:45:00+10:00,1368.674699,1042,999,1097,1011
T10:45:00+10:00,1368.674699,1040,1018,1059,1001
T10:45:00+10:00,1368.674699,1043,1002,1101,997
T10:45:00+10:00,1368.674699,1051,988,1080,983
T10:45:00+10:00,1368.674699,995,1002,1036,974
T10:45:00+10:00,1368.674699,994,986,994,1006
T10:45:00+10:00,1368.674699,981,979,999,991
T10:45:00+10:00,1368.674699,982,970,984,1032
T10:45:00+10:00,1368.674699,1066,998,1002,1022
T10:45:00+10:00,1368.674699,1003,977,1077,1037
T10:50:00+10:00,1368.674699,1018,991,1029,1039
T10:50:00+10:00,1021.686747,1016,1015,1081,1050
T10:50:00+10:00,1021.686747,1028,1015,1097,1031
T10:50:00+10:00,1021.686747,1020,1035,1105,1069
T10:50:00+10:00,1021.686747,974,1013,1081,992
T10:50:00+10:00,1021.686747,971,996,987,993
T10:50:00+10:00,1021.686747,965,1059,989,947
T10:50:00+10:00,1021.686747,967,1036,999,943
T10:50:00+10:00,1021.686747,945,1047,975,953
T10:50:00+10:00,1021.686747,964,1065,966,962
T10:50:00+10:00,1021.686747,957,1073,955,977
T10:50:00+10:00,1021.686747,941,1073,913,957
T10:50:00+10:00,1021.686747,956,1047,893,997
T10:50:00+10:00,1021.686747,991,1081,936,996
T10:50:00+10:00,1021.686747,958,1081,939,998
T10:55:00+10:00,817.3493976,945,1077,929,1017
T10:55:00+10:00,817.3493976,987,1023,944,1008
T10:55:00+10:00,817.3493976,963,1038,1008,1028
T10:55:00+10:00,817.3493976,965,1041,1035,1074
T10:55:00+10:00,817.3493976,955,1035,1067,1109
T10:55:00+10:00,817.3493976,972,1038,1029,1101
T10:55:00+10:00,817.3493976,950,1040,1015,1064
T10:55:00+10:00,817.3493976,960,1042,979,1068
T10:55:00+10:00,817.3493976,1062,988,968,1019
T10:55:00+10:00,817.3493976,1086,974,956,971
T10:55:00+10:00,817.3493976,1043,982,928,993
T10:55:00+10:00,817.3493976,1039,996,978,1040
T10:55:00+10:00,817.3493976,1131,1009,969,1024
T10:55:00+10:00,817.3493976,1084,980,945,1004
T11:00:00+10:00,1017.831325,1084,1105,866,1019
T11:00:00+10:00,1017.831325,1071,1141,865,1010
T11:00:00+10:00,1017.831325,1069,1113,833,1040
T11:00:00+10:00,1017.831325,1063,1089,854,1005
T11:00:00+10:00,1017.831325,1007,1121,930,1045
T11:00:00+10:00,1017.831325,1003,1059,962,1016
T11:00:00+10:00,1017.831325,1034,1032,949,983
T11:00:00+10:00,1017.831325,1024,1059,939,945
T11:00:00+10:00,1017.831325,990,1058,946,986
T11:00:00+10:00,1017.831325,1010,1016,1060,989
T11:00:00+10:00,1017.831325,1034,1037,962,1035
T11:00:00+10:00,1017.831325,978,1041,1001,1065
T11:00:00+10:00,1017.831325,1032,1029,1004,1091
T11:00:00+10:00,1017.831325,1026,1020,929,1085
T11:05:00+10:00,1133.493976,1056,1055,989,1077
T11:05:00+10:00,1133.493976,1031,1025,875,1096
T11:05:00+10:00,1133.493976,981,1024,944,1017
T11:05:00+10:00,1133.493976,1022,1023,916,1024
T11:05:00+10:00,1133.493976,1027,1031,942,941
T11:05:00+10:00,1133.493976,1042,1048,945,1014
T11:05:00+10:00,1133.493976,1023,1023,924,992
T11:05:00+10:00,1133.493976,1031,1031,899,1022
T11:05:00+10:00,1133.493976,1012,1024,833,1033
T11:05:00+10:00,1133.493976,1049,1103,856,1086
T11:05:00+10:00,1133.493976,1034,1098,1035,1052
T11:05:00+10:00,1133.493976,1011,1085,1044,987
T11:05:00+10:00,1133.493976,1014,1072,1094,982
T11:05:00+10:00,1133.493976,1052,1078,1050,952
T11:05:00+10:00,1175.903614,997,1088,1072,969
T11:10:00+10:00,1175.903614,1003,1020,1120,928
T11:10:00+10:00,1175.903614,1053,978,1058,932
T11:10:00+10:00,1175.903614,1044,1011,1046,948
T11:10:00+10:00,1175.903614,1063,1022,1063,962
T11:10:00+10:00,1175.903614,997,1028,1107,985
T11:10:00+10:00,1175.903614,1011,999,1102,967
T11:10:00+10:00,1175.903614,1035,1017,1112,973
T11:10:00+10:00,1175.903614,1037,990,1080,969
T11:10:00+10:00,1175.903614,1050,1008,1035,947
T11:10:00+10:00,1175.903614,1044,1017,1075,988
T11:10:00+10:00,1175.903614,958,1036,1074,1050
T11:10:00+10:00,1175.903614,937,1001,1080,1061
T11:10:00+10:00,1175.903614,963,1016,1082,1047
T11:10:00+10:00,1148.915663,967,1022,999,1061
T11:15:00+10:00,1148.915663,941,1009,941,1027
T11:15:00+10:00,1148.915663,988,1006,960,1031
T11:15:00+10:00,1148.915663,971,1007,955,1073
T11:15:00+10:00,1148.915663,962,1017,954,1059
T11:15:00+10:00,1148.915663,941,990,948,1036
T11:15:00+10:00,1148.915663,946,1004,1028,1048
T11:15:00+10:00,1148.915663,953,1044,1044,1023
T11:15:00+10:00,1148.915663,925,1060,1051,1005
T11:15:00+10:00,1148.915663,919,1041,1018,1001
T11:15:00+10:00,1148.915663,918,1040,1004,1010
T11:15:00+10:00,1148.915663,950,1024,960,1000
T11:15:00+10:00,1148.915663,950,989,988,974
T11:15:00+10:00,1148.915663,984,1006,926,1049
T11:15:00+10:00,906.0240964,1010,1034,921,1072
T11:20:00+10:00,906.0240964,1032,1031,983,1043
T11:20:00+10:00,906.0240964,1039,1036,967,1051
T11:20:00+10:00,906.0240964,1038,1044,950,1047
T11:20:00+10:00,906.0240964,1049,1044,924,1011
T11:20:00+10:00,906.0240964,1012,1049,959,1033
T11:20:00+10:00,906.0240964,1032,1050,962,1014
T11:20:00+10:00,906.0240964,1039,1032,909,1021
T11:20:00+10:00,906.0240964,1036,1043,999,1050
T11:20:00+10:00,906.0240964,1030,1040,995,1040
T11:20:00+10:00,906.0240964,1013,1059,985,1011
T11:20:00+10:00,906.0240964,1017,1067,988,995
T11:20:00+10:00,906.0240964,1041,1043,997,963
T11:20:00+10:00,906.0240964,1034,1076,995,966
T11:20:00+10:00,705.5421687,1040,1131,998,954
T11:25:00+10:00,705.5421687,1010,1084,967,955
T11:25:00+10:00,705.5421687,1024,1084,995,952
T11:25:00+10:00,705.5421687,1003,1053,956,967
T11:25:00+10:00,705.5421687,923,1036,993,940
T11:25:00+10:00,705.5421687,909,982,959,967
T11:25:00+10:00,705.5421687,1002,982,963,996
T11:25:00+10:00,705.5421687,937,991,972,1058
T11:25:00+10:00,705.5421687,934,975,981,1051
T11:25:00+10:00,705.5421687,963,991,983,1055
T11:25:00+10:00,705.5421687,1051,1016,950,1046
T11:25:00+10:00,705.5421687,1076,1018,991,1035
T11:25:00+10:00,705.5421687,1060,1028,1009,1023
T11:25:00+10:00,705.5421687,1079,1033,1002,1011
T11:25:00+10:00,732.5301205,1082,1013,1001,992
T11:25:00+10:00,732.5301205,1029,1007,1010,1011
T11:30:00+10:00,732.5301205,955,954,1047,1004
T11:30:00+10:00,732.5301205,949,946,1026,999
T11:30:00+10:00,732.5301205,1006,958,1033,941
T11:30:00+10:00,732.5301205,1040,966,1041,943
T11:30:00+10:00,732.5301205,965,953,1041,960
T11:30:00+10:00,732.5301205,986,953,938,965
T11:30:00+10:00,732.5301205,970,990,1013,949
T11:30:00+10:00,732.5301205,967,1001,949,967
T11:30:00+10:00,732.5301205,950,878,963,973
T11:30:00+10:00,732.5301205,1018,863,959,983
T11:30:00+10:00,732.5301205,1080,904,1040,949
T11:30:00+10:00,732.5301205,1110,1015,1023,979
T11:30:00+10:00,1430.361446,1123,1036,1038,976
T11:30:00+10:00,1430.361446,1099,1034,1053,1101
T11:35:00+10:00,1430.361446,1115,1028,1060,1108
T11:35:00+10:00,1430.361446,995,1030,1041,1127
T11:35:00+10:00,1430.361446,988,988,962,1111
T11:35:00+10:00,1430.361446,957,961,987,1077
T11:35:00+10:00,1430.361446,956,986,1029,1062
T11:35:00+10:00,1430.361446,968,1013,1017,1042
T11:35:00+10:00,1430.361446,970,973,1040,1059
T11:35:00+10:00,1430.361446,958,983,1012,1044
T11:35:00+10:00,1430.361446,988,984,1062,1043
T11:35:00+10:00,1430.361446,1016,985,1095,1057
T11:35:00+10:00,1430.361446,1002,966,1074,1019
T11:35:00+10:00,1430.361446,990,980,1084,1067
T11:35:00+10:00,1411.084337,988,973,1108,1111
T11:35:00+10:00,1411.084337,1029,979,980,1059
T11:40:00+10:00,1411.084337,930,1061,974,1064
T11:40:00+10:00,1411.084337,931,1065,982,1065
T11:40:00+10:00,1411.084337,947,1067,1012,983
T11:40:00+10:00,1411.084337,934,1071,1012,980
T11:40:00+10:00,1411.084337,924,1053,1012,990
T11:40:00+10:00,1411.084337,937,1051,1072,1006
T11:40:00+10:00,1411.084337,990,1021,1087,1010
T11:40:00+10:00,1411.084337,1062,1070,1077,996
T11:40:00+10:00,1411.084337,1033,1074,1057,1079
T11:40:00+10:00,1411.084337,1057,1062,1068,1074
T11:40:00+10:00,1411.084337,1096,1059,1095,1064
T11:40:00+10:00,1411.084337,1084,1105,1043,1056
T11:40:00+10:00,1515.180723,1097,1152,1006,1077
T11:40:00+10:00,1515.180723,1097,1069,1025,1036
T11:40:00+10:00,1515.180723,1091,1061,1029,1048
T11:45:00+10:00,1515.180723,1054,1073,979,1031
T11:45:00+10:00,1515.180723,1003,1070,939,1017
T11:45:00+10:00,1515.180723,911,1028,980,1007
T11:45:00+10:00,1515.180723,935,1038,969,1026
T11:45:00+10:00,1515.180723,919,1043,974,1008
T11:45:00+10:00,1515.180723,952,1045,997,1009
T11:45:00+10:00,1515.180723,984,1062,927,997
T11:45:00+10:00,1515.180723,967,1079,1055,991
T11:45:00+10:00,1515.180723,1035,1064,1079,995
T11:45:00+10:00,1515.180723,1004,1059,1071,982
T11:45:00+10:00,1515.180723,1022,1066,1088,986
T11:45:00+10:00,1600,1006,1006,1080,943
T11:45:00+10:00,1600,1003,1004,1099,948
T11:45:00+10:00,1600,991,985,1087,936
T11:50:00+10:00,1600,978,1006,1081,953
T11:50:00+10:00,1600,1022,989,1074,1001
T11:50:00+10:00,1600,1039,1002,1068,1036
T11:50:00+10:00,1600,1025,983,1127,1094
T11:50:00+10:00,1600,1039,981,1073,1099
T11:50:00+10:00,1600,974,1005,1045,1073
T11:50:00+10:00,1600,1027,1013,1057,1014
T11:50:00+10:00,1600,1020,1026,1060,1092
T11:50:00+10:00,1600,1049,1015,1060,1078
T11:50:00+10:00,1600,1050,1026,1058,1080
T11:50:00+10:00,1600,1040,1022,1009,1076
T11:50:00+10:00,1596.144578,1015,1054,1018,1037
T11:50:00+10:00,1596.144578,1013,1017,1019,1068
T11:50:00+10:00,1596.144578,1007,1027,1040,1078
T11:55:00+10:00,1596.144578,991,1022,1001,1073
T11:55:00+10:00,1596.144578,978,1058,962,1078
T11:55:00+10:00,1596.144578,992,1056,937,1060
T11:55:00+10:00,1596.144578,1038,1052,950,1067
T11:55:00+10:00,1596.144578,1011,1045,922,1038
T11:55:00+10:00,1596.144578,1015,1040,939,1051
T11:55:00+10:00,1596.144578,1014,1018,990,1033
T11:55:00+10:00,1596.144578,1085,995,1005,1064
T11:55:00+10:00,1596.144578,999,1008,1015,1116
T11:55:00+10:00,1596.144578,993,987,1014,1151
T11:55:00+10:00,1596.144578,977,983,1009,1155
T11:55:00+10:00,1584.578313,988,1007,1001,1132
T11:55:00+10:00,1584.578313,978,1036,1002,1175
T11:55:00+10:00,1584.578313,958,1049,1011,1163
T12:00:00+10:00,1584.578313,925,1067,1003,1016
T12:00:00+10:00,1584.578313,955,1067,992,1050
T12:00:00+10:00,1584.578313,910,1101,1002,1049
T12:00:00+10:00,1584.578313,884,1073,991,1019
T12:00:00+10:00,1584.578313,948,1053,986,1063
T12:00:00+10:00,1584.578313,942,1042,1005,1037
T12:00:00+10:00,1584.578313,937,1026,1035,1009
T12:00:00+10:00,1584.578313,949,1019,1027,990
T12:00:00+10:00,1584.578313,948,1018,975,977
T12:00:00+10:00,1584.578313,946,1030,970,971
T12:00:00+10:00,1584.578313,945,1041,931,966
T12:00:00+10:00,1407.228916,971,1012,921,957
T12:00:00+10:00,1407.228916,969,998,953,967
T12:00:00+10:00,1407.228916,959,999,928,1029
T12:00:00+10:00,1407.228916,968,1015,955,1053
T12:05:00+10:00,1407.228916,954,1017,1037,1074
T12:05:00+10:00,1407.228916,990,1004,1034,1060
T12:05:00+10:00,1407.228916,1034,986,1065,1045
T12:05:00+10:00,1407.228916,986,962,1041,1019
T12:05:00+10:00,1407.228916,998,963,1039,1037
T12:05:00+10:00,1407.228916,1003,947,1119,1014
T12:05:00+10:00,1407.228916,1003,962,1145,1003
T12:05:00+10:00,1407.228916,944,926,1134,991
T12:05:00+10:00,1407.228916,969,980,1096,1064
T12:05:00+10:00,1407.228916,959,980,1094,1097
T12:05:00+10:00,1511.325301,936,995,1060,1087
T12:05:00+10:00,1511.325301,913,994,981,1120
T12:05:00+10:00,1511.325301,911,987,963,1093
T12:05:00+10:00,1511.325301,918,1013,964,1115
T12:10:00+10:00,1511.325301,958,977,975,1057
T12:10:00+10:00,1511.325301,950,1002,974,1032
T12:10:00+10:00,1511.325301,970,1012,976,1050
T12:10:00+10:00,1511.325301,966,1017,1010,1064
T12:10:00+10:00,1511.325301,1038,1017,1012,1030
T12:10:00+10:00,1511.325301,1081,1032,969,1000
T12:10:00+10:00,1511.325301,1071,1031,1025,981
T12:10:00+10:00,1511.325301,1092,1049,981,1021
T12:10:00+10:00,1511.325301,1080,1027,987,1029
T12:10:00+10:00,1511.325301,1060,1019,1005,1022
T12:10:00+10:00,1461.204819,977,1051,1006,1060
T12:10:00+10:00,1461.204819,966,1044,1004,1114
T12:10:00+10:00,1461.204819,965,1063,995,1139
T12:10:00+10:00,1461.204819,1001,1055,1023,1063
T12:15:00+10:00,1461.204819,954,1017,978,1107
T12:15:00+10:00,1461.204819,983,1020,984,1125
T12:15:00+10:00,1461.204819,941,974,976,1067
T12:15:00+10:00,1461.204819,965,984,973,1072
T12:15:00+10:00,1461.204819,959,981,974,1068
T12:15:00+10:00,1461.204819,941,990,1002,1087
T12:15:00+10:00,1461.204819,930,1015,998,1079
T12:15:00+10:00,1461.204819,972,1003,998,1061
T12:15:00+10:00,1461.204819,1029,990,961,1059
T12:15:00+10:00,1461.204819,1043,1018,957,1050
T12:15:00+10:00,1044.819277,1062,1057,942,1038
T12:15:00+10:00,1044.819277,1062,1031,929,1019
T12:15:00+10:00,1044.819277,1028,1070,950,1018
T12:15:00+10:00,1044.819277,959,1125,949,1037
T12:15:00+10:00,1044.819277,950,1106,916,1053
T12:20:00+10:00,1044.819277,935,1081,958,1055
T12:20:00+10:00,1044.819277,949,1073,929,1056
T12:20:00+10:00,1044.819277,953,1068,940,1029
T12:20:00+10:00,1044.819277,957,1033,961,1012
T12:20:00+10:00,1044.819277,1007,1050,960,1069
T12:20:00+10:00,1044.819277,1066,1024,956,1090
T12:20:00+10:00,1044.819277,1047,992,933,1105
T12:20:00+10:00,1044.819277,1055,986,946,1101
T12:20:00+10:00,1044.819277,1055,995,959,1115
T12:20:00+10:00,755.6626506,1041,1015,958,1012
T12:20:00+10:00,755.6626506,1054,1015,953,1072
T12:20:00+10:00,755.6626506,1032,998,1004,1050
T12:20:00+10:00,755.6626506,1039,1010,990,1046
T12:20:00+10:00,755.6626506,1059,1014,1008,1042
T12:25:00+10:00,755.6626506,1047,994,1051,1071
T12:25:00+10:00,755.6626506,982,986,1078,1142
T12:25:00+10:00,755.6626506,989,1046,1093,1118
T12:25:00+10:00,755.6626506,985,1038,963,1093
T12:25:00+10:00,755.6626506,980,1057,969,1093
T12:25:00+10:00,755.6626506,984,1053,973,1084
T12:25:00+10:00,755.6626506,988,1089,927,982
T12:25:00+10:00,755.6626506,1062,1072,846,1058
T12:25:00+10:00,755.6626506,953,1006,855,1031
T12:25:00+10:00,1148.915663,965,992,874,1100
T12:25:00+10:00,1148.915663,1001,1004,877,1075
T12:25:00+10:00,1148.915663,1002,988,870,1112
T12:25:00+10:00,1148.915663,1012,1001,854,976
T12:25:00+10:00,1148.915663,1007,997,867,981
T12:30:00+10:00,1148.915663,1025,1002,1021,967
T12:30:00+10:00,1148.915663,983,1062,992,975
T12:30:00+10:00,1148.915663,998,1044,983,939
T12:30:00+10:00,1148.915663,988,978,1004,944
T12:30:00+10:00,1148.915663,956,976,995,990
T12:30:00+10:00,1148.915663,968,974,939,1020
T12:30:00+10:00,1148.915663,941,980,934,971
T12:30:00+10:00,1148.915663,942,990,965,999
T12:30:00+10:00,1148.915663,956,980,949,1004
T12:30:00+10:00,871.3253012,943,1004,951,1057
T12:30:00+10:00,871.3253012,944,1042,940,1012
T12:30:00+10:00,871.3253012,917,1063,929,994
T12:30:00+10:00,871.3253012,918,1025,887,1014
T12:30:00+10:00,871.3253012,912,1025,925,1028
T12:30:00+10:00,871.3253012,911,1017,955,1032
T12:35:00+10:00,871.3253012,917,1130,912,982
T12:35:00+10:00,871.3253012,977,1068,982,963
T12:35:00+10:00,871.3253012,1027,1059,951,903
T12:35:00+10:00,871.3253012,1053,1058,946,915
T12:35:00+10:00,871.3253012,1073,1045,941,954
T12:35:00+10:00,871.3253012,1065,1009,925,1016
T12:35:00+10:00,871.3253012,1016,993,937,1075
T12:35:00+10:00,871.3253012,964,1019,924,1110
T12:35:00+10:00,331.5662651,982,1050,933,1100
T12:35:00+10:00,331.5662651,1003,1034,931,1097
T12:35:00+10:00,331.5662651,1002,1027,939,1039
T12:35:00+10:00,331.5662651,985,990,947,1011
T12:35:00+10:00,331.5662651,984,993,943,1009
T12:35:00+10:00,331.5662651,1005,987,938,997
T12:40:00+10:00,331.5662651,1018,997,939,1014
T12:40:00+10:00,331.5662651,998,1035,932,1078
T12:40:00+10:00,331.5662651,1017,994,920,1054
T12:40:00+10:00,331.5662651,989,1025,940,1053
T12:40:00+10:00,331.5662651,983,1019,942,1006
T12:40:00+10:00,331.5662651,986,1060,946,987
T12:40:00+10:00,331.5662651,986,1051,932,972
T12:40:00+10:00,331.5662651,1022,1050,939,972
T12:40:00+10:00,57.8313253,1021,1016,860,975
T12:40:00+10:00,57.8313253,1030,1012,867,1000
T12:40:00+10:00,57.8313253,1006,1028,773,996
T12:40:00+10:00,57.8313253,1021,1006,766,1005
T12:40:00+10:00,57.8313253,953,1025,845,1012
T12:40:00+10:00,57.8313253,961,1009,843,1069
T12:45:00+10:00,57.8313253,986,969,852,1075
T12:45:00+10:00,57.8313253,961,979,848,1058
T12:45:00+10:00,57.8313253,1108,1005,882,1070
T12:45:00+10:00,57.8313253,1132,1026,869,1062
T12:45:00+10:00,57.8313253,1135,991,932,1035
T12:45:00+10:00,57.8313253,1150,1001,922,1040
T12:45:00+10:00,57.8313253,1138,1019,852,1075
T12:45:00+10:00,57.8313253,1132,1018,856,1056
T12:45:00+10:00,192.7710843,1049,1005,827,1067
T12:45:00+10:00,192.7710843,1016,1012,803,1017
T12:45:00+10:00,192.7710843,971,1025,803,1023
T12:45:00+10:00,192.7710843,988,1034,800,1022
T12:45:00+10:00,192.7710843,1016,1034,799,1035
T12:45:00+10:00,192.7710843,989,1038,799,1049
T12:50:00+10:00,192.7710843,959,1000,774,1041
T12:50:00+10:00,192.7710843,931,1004,773,967
T12:50:00+10:00,192.7710843,923,986,778,946
T12:50:00+10:00,192.7710843,930,977,783,932
T12:50:00+10:00,192.7710843,930,992,767,932
T12:50:00+10:00,192.7710843,931,1012,782,933
T12:50:00+10:00,192.7710843,955,1040,819,957
T12:50:00+10:00,192.7710843,938,1038,820,1038
T12:50:00+10:00,825.060241,937,1052,822,1075
T12:50:00+10:00,825.060241,952,1031,812,1054
T12:50:00+10:00,825.060241,964,1004,813,1083
T12:50:00+10:00,825.060241,1020,1027,800,1070
T12:50:00+10:00,825.060241,1049,1046,808,969
T12:50:00+10:00,825.060241,1011,1034,846,954
T12:50:00+10:00,825.060241,1000,1059,867,968
T12:55:00+10:00,825.060241,1030,1069,881,1010
T12:55:00+10:00,825.060241,978,1074,972,1030
T12:55:00+10:00,825.060241,1011,1052,980,1022
T12:55:00+10:00,825.060241,1026,1050,963,1061
T12:55:00+10:00,825.060241,977,1040,996,1086
T12:55:00+10:00,825.060241,969,1040,957,1080
T12:55:00+10:00,825.060241,959,1052,989,1048
T12:55:00+10:00,1418.795181,905,1067,973,1067
T12:55:00+10:00,1418.795181,917,1103,1011,976
T12:55:00+10:00,1418.795181,907,1119,1069,967
T12:55:00+10:00,1418.795181,922,1086,1044,939
T12:55:00+10:00,1418.795181,939,1050,1048,938
T12:55:00+10:00,1418.795181,997,1055,1025,964
T12:55:00+10:00,1418.795181,1002,1018,986,953
T13:00:00+10:00,1418.795181,1023,947,982,962
T13:00:00+10:00,1418.795181,1013,937,979,978
T13:00:00+10:00,1418.795181,1014,959,947,969
T13:00:00+10:00,1418.795181,1012,991,927,997
T13:00:00+10:00,1418.795181,956,978,908,1006
T13:00:00+10:00,1418.795181,942,1050,925,1072
T13:00:00+10:00,1418.795181,927,1070,958,1128
T13:00:00+10:00,1164.337349,926,1081,966,1180
T13:00:00+10:00,1164.337349,935,1026,999,1176
T13:00:00+10:00,1164.337349,933,1050,950,1158
T13:00:00+10:00,1164.337349,986,990,919,1032
T13:00:00+10:00,1164.337349,1044,1007,958,1034
T13:00:00+10:00,1164.337349,1041,1058,923,975
T13:00:00+10:00,1164.337349,1043,1102,924,962
T13:05:00+10:00,1164.337349,1026,1082,877,954
T13:05:00+10:00,1164.337349,1047,1113,871,947
T13:05:00+10:00,1164.337349,934,1104,877,1019
T13:05:00+10:00,1164.337349,924,1084,865,1005
T13:05:00+10:00,1164.337349,944,1121,856,1098
T13:05:00+10:00,1164.337349,954,1042,856,1089
T13:05:00+10:00,1164.337349,915,1051,843,1087
T13:05:00+10:00,389.3975904,917,1047,880,1094
T13:05:00+10:00,389.3975904,928,1025,928,1049
T13:05:00+10:00,389.3975904,925,963,919,1025
T13:05:00+10:00,389.3975904,944,992,952,1005
T13:05:00+10:00,389.3975904,942,1013,935,1023
T13:05:00+10:00,389.3975904,1001,1017,935,1014
T13:05:00+10:00,389.3975904,1008,1010,885,998
T13:05:00+10:00,389.3975904,1113,1059,902,1030
T13:10:00+10:00,389.3975904,1110,1071,866,1030
T13:10:00+10:00,389.3975904,1131,1008,846,1046
T13:10:00+10:00,389.3975904,1057,988,856,994
T13:10:00+10:00,389.3975904,1054,1001,874,955
T13:10:00+10:00,389.3975904,1056,982,878,1060
T13:10:00+10:00,389.3975904,974,972,875,1084
T13:10:00+10:00,327.7108434,960,994,884,1069
T13:10:00+10:00,327.7108434,1001,1000,888,1090
T13:10:00+10:00,327.7108434,1017,990,890,1091
T13:10:00+10:00,327.7108434,1013,1011,917,1027
T13:10:00+10:00,327.7108434,1043,1016,937,1120
T13:10:00+10:00,327.7108434,1070,1057,918,1103
T13:10:00+10:00,327.7108434,1078,1064,898,1092
T13:10:00+10:00,327.7108434,1036,1103,895,1038
T13:15:00+10:00,327.7108434,999,1104,890,1077
T13:15:00+10:00,327.7108434,1003,1109,882,957
T13:15:00+10:00,327.7108434,1020,1065,880,1023
T13:15:00+10:00,327.7108434,979,1029,867,1054
T13:15:00+10:00,327.7108434,964,1048,898,1038
T13:15:00+10:00,327.7108434,986,1039,857,1036
T13:15:00+10:00,678.5542169,974,1047,858,1048
T13:15:00+10:00,678.5542169,940,992,876,1010
T13:15:00+10:00,678.5542169,927,996,866,965
T13:15:00+10:00,678.5542169,928,992,847,949
T13:15:00+10:00,678.5542169,927,1013,857,956
T13:15:00+10:00,678.5542169,939,997,886,953
T13:15:00+10:00,678.5542169,941,1011,877,960
T13:15:00+10:00,678.5542169,983,1001,843,939
T13:20:00+10:00,678.5542169,1027,1039,856,926
T13:20:00+10:00,678.5542169,1039,1056,858,1005
T13:20:00+10:00,678.5542169,1044,1062,853,1004
T13:20:00+10:00,678.5542169,1014,1051,880,1040
T13:20:00+10:00,678.5542169,1005,1139,843,984
T13:20:00+10:00,678.5542169,1012,1022,870,998
T13:20:00+10:00,1395.662651,1000,969,852,1019
T13:20:00+10:00,1395.662651,998,991,898,967
T13:20:00+10:00,1395.662651,986,989,876,975
T13:20:00+10:00,1395.662651,986,986,871,1017
T13:20:00+10:00,1395.662651,1064,1035,982,1046
T13:20:00+10:00,1395.662651,1072,1050,1072,1122
T13:20:00+10:00,1395.662651,1061,1042,1051,1116
T13:20:00+10:00,1395.662651,1086,1048,1055,1112
T13:20:00+10:00,1395.662651,1056,1065,1046,1107
T13:25:00+10:00,1395.662651,1042,1062,1097,1053
T13:25:00+10:00,1395.662651,991,1015,1095,1066
T13:25:00+10:00,1395.662651,1022,1065,1013,1038
T13:25:00+10:00,1395.662651,1017,1054,1036,1039
T13:25:00+10:00,1395.662651,1043,1036,1040,1050
T13:25:00+10:00,1017.831325,1026,1041,1076,1052
T13:25:00+10:00,1017.831325,1019,1066,1067,1048
T13:25:00+10:00,1017.831325,1067,1075,1072,1044
T13:25:00+10:00,1017.831325,1123,993,1069,1035
T13:25:00+10:00,1017.831325,1096,1011,1066,1046
T13:25:00+10:00,1017.831325,1031,992,1067,1041
T13:25:00+10:00,1017.831325,1111,996,1059,1051
T13:25:00+10:00,1017.831325,1058,987,1041,1107
T13:25:00+10:00,1017.831325,979,980,1083,1179
T13:30:00+10:00,1017.831325,960,996,1101,1173
T13:30:00+10:00,1017.831325,959,1001,1082,1172
T13:30:00+10:00,1017.831325,978,1014,1120,1053
T13:30:00+10:00,1017.831325,995,1021,1108,1072
T13:30:00+10:00,1017.831325,998,1048,1119,996
T13:30:00+10:00,1430.361446,1011,1097,1055,1003
T13:30:00+10:00,1430.361446,978,1084,1045,1024
T13:30:00+10:00,1430.361446,991,1110,1033,1014
T13:30:00+10:00,1430.361446,933,1090,965,1096
T13:30:00+10:00,1430.361446,948,1079,954,1108
T13:30:00+10:00,1430.361446,962,1063,987,1088
T13:30:00+10:00,1430.361446,977,1070,946,1055
T13:30:00+10:00,1430.361446,967,1052,947,1069
T13:30:00+10:00,1430.361446,964,1063,976,1071
T13:35:00+10:00,1430.361446,957,1069,994,1091
T13:35:00+10:00,1430.361446,932,1062,1000,1077
T13:35:00+10:00,1430.361446,1014,1079,968,1133
T13:35:00+10:00,1430.361446,1008,996,959,1133
T13:35:00+10:00,1430.361446,1000,1007,959,1115
T13:35:00+10:00,1064.096386,1009,991,945,1145
T13:35:00+10:00,1064.096386,1026,1004,964,1185
T13:35:00+10:00,1064.096386,988,1004,1006,1128
T13:35:00+10:00,1064.096386,992,1008,1024,1157
T13:35:00+10:00,1064.096386,998,1014,1028,1157
T13:35:00+10:00,1064.096386,1007,984,1036,1036
T13:35:00+10:00,1064.096386,996,991,1030,1016
T13:35:00+10:00,1064.096386,971,995,1042,968
T13:35:00+10:00,1064.096386,989,975,1003,962
T13:40:00+10:00,1064.096386,1010,987,988,965
T13:40:00+10:00,1064.096386,1056,1001,983,970
T13:40:00+10:00,1064.096386,1088,977,1029,1043
T13:40:00+10:00,1064.096386,1096,1001,1016,1131
T13:40:00+10:00,1064.096386,1133,992,1020,1141
T13:40:00+10:00,728.6746988,1139,1004,1000,1154
T13:40:00+10:00,728.6746988,1142,1023,1021,1147
T13:40:00+10:00,728.6746988,1095,1070,1008,1026
T13:40:00+10:00,728.6746988,1096,1063,985,959
T13:40:00+10:00,728.6746988,1094,1060,1024,1018
T13:40:00+10:00,728.6746988,1084,1062,1028,1007
T13:40:00+10:00,728.6746988,1095,1056,1043,997
T13:40:00+10:00,728.6746988,1093,1060,1031,989
T13:40:00+10:00,728.6746988,1071,1045,1038,992
T13:40:00+10:00,728.6746988,1053,1070,1016,1053
T13:45:00+10:00,728.6746988,1053,1068,1062,1057
T13:45:00+10:00,728.6746988,973,1032,1044,1076
T13:45:00+10:00,728.6746988,964,1025,1040,1105
T13:45:00+10:00,728.6746988,946,1039,1044,1101
T13:45:00+10:00,1403.373494,933,1021,1031,1143
T13:45:00+10:00,1403.373494,949,1037,1034,1126
T13:45:00+10:00,1403.373494,923,1018,1032,1161
T13:45:00+10:00,1403.373494,933,1035,1047,1137
T13:45:00+10:00,1403.373494,1025,1009,1043,1160
T13:45:00+10:00,1403.373494,1021,986,1030,1095
T13:45:00+10:00,1403.373494,1000,1003,1047,1057
T13:45:00+10:00,1403.373494,1011,997,1037,1005
T13:45:00+10:00,1403.373494,999,1017,1079,1025
T13:45:00+10:00,1403.373494,957,1020,1042,1018
T13:50:00+10:00,1403.373494,945,1046,1090,982
T13:50:00+10:00,1403.373494,909,1042,1039,964
T13:50:00+10:00,1403.373494,927,1044,1059,1005
T13:50:00+10:00,1403.373494,951,1041,1000,1012
T13:50:00+10:00,1353.253012,952,1022,998,1022
T13:50:00+10:00,1353.253012,918,1045,988,1025
T13:50:00+10:00,1353.253012,934,1032,1017,1078
T13:50:00+10:00,1353.253012,952,1031,1038,1108
T13:50:00+10:00,1353.253012,938,1019,1056,1095
T13:50:00+10:00,1353.253012,914,1030,1080,1072
T13:50:00+10:00,1353.253012,929,1040,1066,1090
T13:50:00+10:00,1353.253012,993,970,1040,1119
T13:50:00+10:00,1353.253012,1017,996,1056,1076
T13:50:00+10:00,1353.253012,1021,978,1050,1078
T13:55:00+10:00,1353.253012,1030,957,1023,1071
T13:55:00+10:00,1353.253012,1046,940,1035,1093
T13:55:00+10:00,1353.253012,1015,947,1035,1078
T13:55:00+10:00,1353.253012,1030,1011,1041,922
T13:55:00+10:00,1364.819277,1012,1019,1035,949
T13:55:00+10:00,1364.819277,1003,1015,993,969
T13:55:00+10:00,1364.819277,994,1016,982,991
T13:55:00+10:00,1364.819277,974,1038,977,1016
T13:55:00+10:00,1364.819277,923,1038,969,1014
T13:55:00+10:00,1364.819277,989,1033,1037,976
T13:55:00+10:00,1364.819277,1004,1039,1026,961
T13:55:00+10:00,1364.819277,993,1011,1040,968
T13:55:00+10:00,1364.819277,1001,989,1052,1030
T13:55:00+10:00,1364.819277,997,1024,1096,1008
T13:55:00+10:00,1364.819277,1001,1004,1085,1067
T14:00:00+10:00,1364.819277,931,1018,1117,1147
T14:00:00+10:00,1364.819277,928,1010,1019,1144
T14:00:00+10:00,1364.819277,928,1032,1021,1115
T14:00:00+10:00,1310.843373,918,1014,1014,1028
T14:00:00+10:00,1310.843373,951,1007,1013,1022
T14:00:00+10:00,1310.843373,1050,1030,967,1013
T14:00:00+10:00,1310.843373,1029,1040,956,1000
T14:00:00+10:00,1310.843373,1061,1034,955,1014
T14:00:00+10:00,1310.843373,1078,1039,958,1139
T14:00:00+10:00,1310.843373,1102,1046,968,1129
T14:00:00+10:00,1310.843373,1066,1065,981,1042
T14:00:00+10:00,1310.843373,1066,997,998,1083
T14:00:00+10:00,1310.843373,1044,1005,974,1060
T14:00:00+10:00,1310.843373,1019,986,985,1016
T14:05:00+10:00,1310.843373,1027,986,981,1045
T14:05:00+10:00,1310.843373,984,970,964,1033
T14:05:00+10:00,1310.843373,1062,977,1002,1032
T14:05:00+10:00,1268.433735,1037,1007,1027,1025
T14:05:00+10:00,1268.433735,1035,1012,1034,1025
T14:05:00+10:00,1268.433735,1013,1003,1044,1004
T14:05:00+10:00,1268.433735,1030,1010,1042,1050
T14:05:00+10:00,1268.433735,946,1007,1030,1001
T14:05:00+10:00,1268.433735,921,1020,1027,999
T14:05:00+10:00,1268.433735,923,1015,1027,1003
T14:05:00+10:00,1268.433735,921,1008,1001,1017
T14:05:00+10:00,1268.433735,929,1005,1005,954
T14:05:00+10:00,1268.433735,929,991,1022,921
T14:05:00+10:00,1268.433735,963,978,1033,1050
T14:10:00+10:00,1268.433735,989,1017,1053,1078
T14:10:00+10:00,1268.433735,970,1012,1059,1075
T14:10:00+10:00,1268.433735,998,1014,1059,1066
T14:10:00+10:00,1434.216867,970,1035,1043,1089
T14:10:00+10:00,1434.216867,993,1018,1020,1056
T14:10:00+10:00,1434.216867,1016,1059,1017,1063
T14:10:00+10:00,1434.216867,1018,1005,1006,1055
T14:10:00+10:00,1434.216867,1034,1012,1003,1054
T14:10:00+10:00,1434.216867,1021,1006,1005,1081
T14:10:00+10:00,1434.216867,1034,1013,972,1035
T14:10:00+10:00,1434.216867,1008,1005,976,1032
T14:10:00+10:00,1434.216867,1030,1011,969,1025
T14:10:00+10:00,1434.216867,1032,1033,1004,1045
T14:10:00+10:00,1434.216867,1039,1054,987,1012
T14:10:00+10:00,1434.216867,1034,1007,998,1035
T14:15:00+10:00,1434.216867,1025,1006,983,1038
T14:15:00+10:00,1434.216867,982,1021,980,1057
T14:15:00+10:00,674.6987952,985,1035,956,1082
T14:15:00+10:00,674.6987952,1043,1033,942,1090
T14:15:00+10:00,674.6987952,1036,1056,980,1099
T14:15:00+10:00,674.6987952,1028,1023,917,1078
T14:15:00+10:00,674.6987952,1032,1056,828,1031
T14:15:00+10:00,674.6987952,1096,1049,834,1023
T14:15:00+10:00,674.6987952,1047,1002,830,1046
T14:15:00+10:00,674.6987952,1011,1026,829,1033
T14:15:00+10:00,674.6987952,1012,1006,891,1116
T14:15:00+10:00,674.6987952,984,1021,892,1093
T14:15:00+10:00,674.6987952,1001,1017,908,1080
T14:15:00+10:00,674.6987952,1038,1104,914,1049
T14:20:00+10:00,674.6987952,1004,1121,921,1056
T14:20:00+10:00,674.6987952,1057,1122,887,1039
T14:20:00+10:00,312.2891566,993,1118,880,1039
T14:20:00+10:00,312.2891566,995,1112,841,1026
T14:20:00+10:00,312.2891566,1022,1053,843,1061
T14:20:00+10:00,312.2891566,1006,1034,852,1071
T14:20:00+10:00,312.2891566,1011,1037,852,1109
T14:20:00+10:00,312.2891566,1035,1031,861,1076
T14:20:00+10:00,312.2891566,1074,1032,865,1080
T14:20:00+10:00,312.2891566,1063,1025,866,1034
T14:20:00+10:00,312.2891566,997,1081,861,1015
T14:20:00+10:00,312.2891566,1010,1075,867,943
T14:20:00+10:00,312.2891566,944,1064,889,898
T14:20:00+10:00,312.2891566,966,1064,894,929
T14:25:00+10:00,312.2891566,941,1075,903,943
T14:25:00+10:00,312.2891566,956,1037,890,912
T14:25:00+10:00,119.5180723,971,1039,895,939
T14:25:00+10:00,119.5180723,943,1023,861,929
T14:25:00+10:00,119.5180723,979,1014,854,947
T14:25:00+10:00,119.5180723,970,1013,894,939
T14:25:00+10:00,119.5180723,986,1022,902,967
T14:25:00+10:00,119.5180723,973,1052,899,968
T14:25:00+10:00,119.5180723,1010,1028,897,962
T14:25:00+10:00,119.5180723,1014,1090,914,1003
T14:25:00+10:00,119.5180723,984,1089,929,1019
T14:25:00+10:00,119.5180723,909,1098,880,995
T14:25:00+10:00,119.5180723,925,1055,853,999
T14:25:00+10:00,119.5180723,927,1035,836,1030
T14:30:00+10:00,119.5180723,938,1046,845,1034
T14:30:00+10:00,119.5180723,931,1045,840,1002
T14:30:00+10:00,208.1927711,988,1037,854,1005
T14:30:00+10:00,208.1927711,960,1049,837,1020
T14:30:00+10:00,208.1927711,989,1063,857,1046
T14:30:00+10:00,208.1927711,966,1046,859,1040
T14:30:00+10:00,208.1927711,980,1019,816,1080
T14:30:00+10:00,208.1927711,974,1022,815,1067
T14:30:00+10:00,208.1927711,992,1021,850,1042
T14:30:00+10:00,208.1927711,978,900,842,1028
T14:30:00+10:00,208.1927711,949,1031,831,1023
T14:30:00+10:00,208.1927711,1042,1015,870,1034
T14:30:00+10:00,208.1927711,1016,1023,847,1015
T14:30:00+10:00,208.1927711,1040,1039,858,967
T14:30:00+10:00,208.1927711,1075,1033,843,922
T14:35:00+10:00,208.1927711,1031,1031,870,951
T14:35:00+10:00,447.2289157,1057,979,853,935
T14:35:00+10:00,447.2289157,1063,982,739,906
T14:35:00+10:00,447.2289157,1087,975,733,963
T14:35:00+10:00,447.2289157,1092,1002,696,1018
T14:35:00+10:00,447.2289157,1102,1001,708,1017
T14:35:00+10:00,447.2289157,1058,979,691,1039
T14:35:00+10:00,447.2289157,1029,1029,681,989
T14:35:00+10:00,447.2289157,1004,1077,684,969
T14:35:00+10:00,447.2289157,1062,1062,669,916
T14:35:00+10:00,447.2289157,1028,1083,670,952
T14:35:00+10:00,447.2289157,1033,1087,667,967
T14:35:00+10:00,447.2289157,1024,1136,684,946
T14:35:00+10:00,447.2289157,1003,1071,694,910
T14:40:00+10:00,447.2289157,1014,1032,709,936
T14:40:00+10:00,350.8433735,1002,1033,715,979
T14:40:00+10:00,350.8433735,1017,1026,709,984
T14:40:00+10:00,350.8433735,993,1048,724,980
T14:40:00+10:00,350.8433735,916,1017,703,995
T14:40:00+10:00,350.8433735,957,1037,694,940
T14:40:00+10:00,350.8433735,923,1050,699,946
T14:40:00+10:00,350.8433735,927,1036,688,935
T14:40:00+10:00,350.8433735,926,1004,674,988
T14:40:00+10:00,350.8433735,939,1021,685,967
T14:40:00+10:00,350.8433735,921,999,694,985
T14:40:00+10:00,350.8433735,948,986,692,968
T14:40:00+10:00,350.8433735,939,988,696,874
T14:40:00+10:00,350.8433735,1050,1020,704,912
T14:45:00+10:00,350.8433735,1037,1012,707,917
T14:45:00+10:00,582.1686747,1028,1017,727,898
T14:45:00+10:00,582.1686747,1105,1058,720,857
T14:45:00+10:00,582.1686747,1150,1072,719,880
T14:45:00+10:00,582.1686747,1035,1042,719,878
T14:45:00+10:00,582.1686747,1030,1055,713,843
T14:45:00+10:00,582.1686747,1026,1047,711,845
T14:45:00+10:00,582.1686747,1007,1022,686,839
T14:45:00+10:00,582.1686747,1046,985,678,900
T14:45:00+10:00,582.1686747,1131,983,664,875
T14:45:00+10:00,582.1686747,1152,992,697,898
T14:45:00+10:00,582.1686747,1160,1008,687,926
T14:45:00+10:00,582.1686747,1103,1001,686,932
T14:45:00+10:00,582.1686747,1050,985,713,874
T14:45:00+10:00,582.1686747,971,1000,716,900
T14:50:00+10:00,173.4939759,1015,999,711,896
T14:50:00+10:00,173.4939759,985,1021,721,897
T14:50:00+10:00,173.4939759,966,1028,719,880
T14:50:00+10:00,173.4939759,977,1031,707,900
T14:50:00+10:00,173.4939759,953,1016,702,850
T14:50:00+10:00,173.4939759,949,985,708,859
T14:50:00+10:00,173.4939759,941,1002,689,855
T14:50:00+10:00,173.4939759,930,973,695,893
T14:50:00+10:00,173.4939759,921,973,690,871
T14:50:00+10:00,173.4939759,909,956,709,879
T14:50:00+10:00,173.4939759,937,1001,713,911
T14:50:00+10:00,173.4939759,923,988,711,893
T14:50:00+10:00,173.4939759,942,992,744,918
T14:50:00+10:00,173.4939759,928,994,641,855
T14:55:00+10:00,154.2168675,949,997,636,856
T14:55:00+10:00,154.2168675,939,993,646,799
T14:55:00+10:00,154.2168675,931,1014,642,809
T14:55:00+10:00,154.2168675,934,1024,595,825
T14:55:00+10:00,154.2168675,935,1035,586,834
T14:55:00+10:00,154.2168675,973,1042,584,871
T14:55:00+10:00,154.2168675,961,1074,586,885
T14:55:00+10:00,154.2168675,979,1126,575,891
T14:55:00+10:00,154.2168675,1005,1144,641,884
T14:55:00+10:00,154.2168675,1065,1156,662,909
T14:55:00+10:00,154.2168675,1043,1112,633,886
T14:55:00+10:00,154.2168675,1054,1128,655,879
T14:55:00+10:00,154.2168675,1123,1076,651,854
T14:55:00+10:00,154.2168675,1115,1000,670,855
T15:00:00+10:00,219.7590361,1110,1006,641,863
T15:00:00+10:00,219.7590361,965,997,647,877
T15:00:00+10:00,219.7590361,963,1012,649,868
T15:00:00+10:00,219.7590361,990,965,639,859
T15:00:00+10:00,219.7590361,949,967,639,913
T15:00:00+10:00,219.7590361,936,965,642,930
T15:00:00+10:00,219.7590361,938,990,598,905
T15:00:00+10:00,219.7590361,948,967,611,868
T15:00:00+10:00,219.7590361,960,974,588,901
T15:00:00+10:00,219.7590361,962,964,589,874
T15:00:00+10:00,219.7590361,953,1027,589,931
T15:00:00+10:00,219.7590361,939,1072,583,952
T15:00:00+10:00,219.7590361,916,1075,593,928
T15:00:00+10:00,219.7590361,1027,1067,604,928
T15:05:00+10:00,462.6506024,1024,1070,596,921
T15:05:00+10:00,462.6506024,1025,1071,605,856
T15:05:00+10:00,462.6506024,1066,1101,759,864
T15:05:00+10:00,462.6506024,1041,1063,783,838
T15:05:00+10:00,462.6506024,1024,1048,781,874
T15:05:00+10:00,462.6506024,1035,1019,780,882
T15:05:00+10:00,462.6506024,972,1061,800,909
T15:05:00+10:00,462.6506024,983,1068,806,964
T15:05:00+10:00,462.6506024,1021,1018,801,936
T15:05:00+10:00,462.6506024,1006,1002,808,973
T15:05:00+10:00,462.6506024,1028,1008,833,956
T15:05:00+10:00,462.6506024,1015,1011,789,917
T15:05:00+10:00,462.6506024,1034,980,777,876
T15:05:00+10:00,462.6506024,996,995,783,865
T15:05:00+10:00,763.373494,1037,1020,762,910
T15:10:00+10:00,763.373494,1024,1045,753,957
T15:10:00+10:00,763.373494,985,1038,749,907
T15:10:00+10:00,763.373494,977,1036,768,929
T15:10:00+10:00,763.373494,1024,1036,762,1015
T15:10:00+10:00,763.373494,1026,1010,761,947
T15:10:00+10:00,763.373494,993,1014,813,936
T15:10:00+10:00,763.373494,962,996,816,929
T15:10:00+10:00,763.373494,1031,1004,807,922
T15:10:00+10:00,763.373494,987,984,796,909
T15:10:00+10:00,763.373494,1017,990,805,808
T15:10:00+10:00,763.373494,962,985,769,818
T15:10:00+10:00,763.373494,989,995,775,809
T15:10:00+10:00,763.373494,920,983,768,872
T15:10:00+10:00,909.8795181,921,988,789,865
T15:15:00+10:00,909.8795181,932,984,795,845
T15:15:00+10:00,909.8795181,974,994,788,855
T15:15:00+10:00,909.8795181,1000,1019,773,850
T15:15:00+10:00,909.8795181,1007,1040,766,820
T15:15:00+10:00,909.8795181,1032,1026,749,837
T15:15:00+10:00,909.8795181,1063,1033,716,823
T15:15:00+10:00,909.8795181,1060,1028,729,831
T15:15:00+10:00,909.8795181,1021,1052,707,833
T15:15:00+10:00,909.8795181,1025,1062,784,812
T15:15:00+10:00,909.8795181,1054,1071,780,765
T15:15:00+10:00,909.8795181,1046,1070,770,803
T15:15:00+10:00,909.8795181,1028,1079,770,774
T15:15:00+10:00,909.8795181,976,1069,718,802
T15:15:00+10:00,597.5903614,972,999,744,804
T15:20:00+10:00,597.5903614,937,1004,765,823
T15:20:00+10:00,597.5903614,940,1004,753,794
T15:20:00+10:00,597.5903614,954,998,745,833
T15:20:00+10:00,597.5903614,961,999,741,736
T15:20:00+10:00,597.5903614,946,1012,736,711
T15:20:00+10:00,597.5903614,936,998,740,725
T15:20:00+10:00,597.5903614,948,1006,737,703
T15:20:00+10:00,597.5903614,958,998,738,693
T15:20:00+10:00,597.5903614,944,1013,779,691
T15:20:00+10:00,597.5903614,1004,1036,734,698
T15:20:00+10:00,597.5903614,1049,1007,762,698
T15:20:00+10:00,597.5903614,1047,978,743,725
T15:20:00+10:00,597.5903614,1073,990,765,716
T15:20:00+10:00,566.746988,1049,992,755,703
T15:25:00+10:00,566.746988,1014,1017,747,721
T15:25:00+10:00,566.746988,1018,1014,748,708
T15:25:00+10:00,566.746988,1003,1057,764,698
T15:25:00+10:00,566.746988,1024,1062,758,701
T15:25:00+10:00,566.746988,1012,1013,769,690
T15:25:00+10:00,566.746988,1001,1002,759,697
T15:25:00+10:00,566.746988,954,994,770,735
T15:25:00+10:00,566.746988,993,1015,775,731
T15:25:00+10:00,566.746988,1021,1020,762,771
T15:25:00+10:00,566.746988,971,1016,746,778
T15:25:00+10:00,566.746988,983,1032,734,848
T15:25:00+10:00,566.746988,977,1006,730,849
T15:25:00+10:00,566.746988,973,998,737,835
T15:25:00+10:00,435.6626506,988,1005,741,828
T15:25:00+10:00,435.6626506,1020,979,744,794
T15:30:00+10:00,435.6626506,1030,1027,752,808
T15:30:00+10:00,435.6626506,1008,1003,731,740
T15:30:00+10:00,435.6626506,999,1012,764,789
T15:30:00+10:00,435.6626506,991,1006,732,780
T15:30:00+10:00,435.6626506,935,1051,729,794
T15:30:00+10:00,435.6626506,954,1030,723,799
T15:30:00+10:00,435.6626506,959,1036,728,792
T15:30:00+10:00,435.6626506,1010,1032,723,811
T15:30:00+10:00,435.6626506,1026,1040,739,785
T15:30:00+10:00,435.6626506,985,1041,731,801
T15:30:00+10:00,435.6626506,1012,1015,748,803
T15:30:00+10:00,435.6626506,985,992,761,802
T15:30:00+10:00,747.9518072,1036,993,800,806
T15:30:00+10:00,747.9518072,1019,1006,786,791
T15:35:00+10:00,747.9518072,982,1014,797,769
T15:35:00+10:00,747.9518072,1027,994,816,749
T15:35:00+10:00,747.9518072,1055,1003,822,741
T15:35:00+10:00,747.9518072,1009,999,658,750
T15:35:00+10:00,747.9518072,1008,988,693,753
T15:35:00+10:00,747.9518072,1024,995,683,751
T15:35:00+10:00,747.9518072,1001,1004,681,757
T15:35:00+10:00,747.9518072,949,1005,674,771
T15:35:00+10:00,747.9518072,988,1008,682,809
T15:35:00+10:00,747.9518072,976,1006,640,831
T15:35:00+10:00,747.9518072,972,1011,671,844
T15:35:00+10:00,747.9518072,982,1007,747,858
T15:35:00+10:00,1098.795181,1070,1005,746,824
T15:35:00+10:00,1098.795181,1077,1030,747,843
T15:40:00+10:00,1098.795181,1064,1025,751,806
T15:40:00+10:00,1098.795181,1070,1039,738,800
T15:40:00+10:00,1098.795181,1075,1040,741,774
T15:40:00+10:00,1098.795181,945,1036,696,767
T15:40:00+10:00,1098.795181,993,1022,650,826
T15:40:00+10:00,1098.795181,987,1021,660,798
T15:40:00+10:00,1098.795181,978,1024,634,655
T15:40:00+10:00,1098.795181,997,1010,627,656
T15:40:00+10:00,1098.795181,975,1031,681,655
T15:40:00+10:00,1098.795181,940,1031,710,669
T15:40:00+10:00,1098.795181,920,1034,738,672
T15:40:00+10:00,1098.795181,971,1020,755,704
T15:40:00+10:00,875.1807229,982,1033,684,677
T15:40:00+10:00,875.1807229,987,1049,695,688
T15:40:00+10:00,875.1807229,965,1045,685,711
T15:45:00+10:00,875.1807229,971,1040,657,701
T15:45:00+10:00,875.1807229,980,1049,687,665
T15:45:00+10:00,875.1807229,1003,1037,710,660
T15:45:00+10:00,875.1807229,1039,1044,739,658
T15:45:00+10:00,875.1807229,1057,1033,711,636
T15:45:00+10:00,875.1807229,1054,1023,725,622
T15:45:00+10:00,875.1807229,1031,1050,706,606
T15:45:00+10:00,875.1807229,1017,1006,715,603
T15:45:00+10:00,875.1807229,970,1007,671,593
T15:45:00+10:00,875.1807229,945,992,681,657
T15:45:00+10:00,875.1807229,960,1012,778,653
T15:45:00+10:00,647.7108434,978,992,731,674
T15:45:00+10:00,647.7108434,1059,1007,618,677
T15:45:00+10:00,647.7108434,1044,981,606,677
T15:50:00+10:00,647.7108434,1025,961,563,667
T15:50:00+10:00,647.7108434,1039,969,552,657
T15:50:00+10:00,647.7108434,1049,959,662,656
T15:50:00+10:00,647.7108434,1007,974,651,659
T15:50:00+10:00,647.7108434,1000,978,645,658
T15:50:00+10:00,647.7108434,993,1027,658,679
T15:50:00+10:00,647.7108434,993,1021,627,659
T15:50:00+10:00,647.7108434,1007,1052,652,656
T15:50:00+10:00,647.7108434,1014,1029,668,634
T15:50:00+10:00,647.7108434,1023,1050,665,629
T15:50:00+10:00,647.7108434,1047,994,674,619
T15:50:00+10:00,605.3012048,1032,1001,604,610
T15:50:00+10:00,605.3012048,1031,980,487,580
T15:50:00+10:00,605.3012048,1001,965,489,579
T15:55:00+10:00,605.3012048,924,967,507,574
T15:55:00+10:00,605.3012048,984,969,492,581
T15:55:00+10:00,605.3012048,972,980,530,580
T15:55:00+10:00,605.3012048,1010,985,529,576
T15:55:00+10:00,605.3012048,989,964,653,591
T15:55:00+10:00,605.3012048,991,961,661,606
T15:55:00+10:00,605.3012048,1001,1004,657,609
T15:55:00+10:00,605.3012048,1023,947,663,610
T15:55:00+10:00,605.3012048,1062,997,662,602
T15:55:00+10:00,605.3012048,1045,1000,564,627
T15:55:00+10:00,605.3012048,1017,1007,561,630
T15:55:00+10:00,566.746988,1005,1019,565,642
T15:55:00+10:00,566.746988,919,1056,574,654
T15:55:00+10:00,566.746988,901,1014,514,642
T16:00:00+10:00,566.746988,929,1006,524,658
T16:00:00+10:00,566.746988,934,1001,501,621
T16:00:00+10:00,566.746988,941,989,506,640
T16:00:00+10:00,566.746988,952,965,500,591
T16:00:00+10:00,566.746988,1038,965,469,618
T16:00:00+10:00,566.746988,1038,1014,517,492
T16:00:00+10:00,566.746988,1031,1027,573,483
T16:00:00+10:00,566.746988,1026,1031,595,483
T16:00:00+10:00,566.746988,1053,1037,593,496
T16:00:00+10:00,566.746988,958,1030,594,508
T16:00:00+10:00,566.746988,947,1020,561,509
T16:00:00+10:00,443.373494,976,1023,556,499
T16:00:00+10:00,443.373494,991,1045,555,529
T16:00:00+10:00,443.373494,942,1031,554,538
T16:00:00+10:00,443.373494,934,1011,554,536
T16:05:00+10:00,443.373494,965,1013,555,531
T16:05:00+10:00,443.373494,939,1012,588,530
T16:05:00+10:00,443.373494,963,994,581,533
T16:05:00+10:00,443.373494,941,1016,585,506
T16:05:00+10:00,443.373494,906,1001,587,502
T16:05:00+10:00,443.373494,896,993,587,515
T16:05:00+10:00,443.373494,950,1009,581,508
T16:05:00+10:00,443.373494,951,998,550,517
T16:05:00+10:00,443.373494,934,1025,619,516
T16:05:00+10:00,443.373494,916,1009,585,537
T16:05:00+10:00,177.3493976,958,1048,574,543
T16:05:00+10:00,177.3493976,976,1071,573,533
T16:05:00+10:00,177.3493976,979,1058,478,532
T16:05:00+10:00,177.3493976,988,1001,456,530
T16:10:00+10:00,177.3493976,989,999,455,518
T16:10:00+10:00,177.3493976,988,999,457,502
T16:10:00+10:00,177.3493976,1003,981,458,507
T16:10:00+10:00,177.3493976,965,991,458,507
T16:10:00+10:00,177.3493976,944,980,459,508
T16:10:00+10:00,177.3493976,970,1047,440,514
T16:10:00+10:00,177.3493976,968,1048,440,471
T16:10:00+10:00,177.3493976,942,1064,440,472
T16:10:00+10:00,177.3493976,923,1057,440,472
T16:10:00+10:00,177.3493976,961,1070,432,472
T16:10:00+10:00,104.0963855,979,1078,424,471
T16:10:00+10:00,104.0963855,985,1076,481,479
T16:10:00+10:00,104.0963855,956,1084,478,501
T16:10:00+10:00,104.0963855,972,1103,482,500
T16:15:00+10:00,104.0963855,958,1088,482,496
T16:15:00+10:00,104.0963855,983,1097,486,495
T16:15:00+10:00,104.0963855,980,1012,495,499
T16:15:00+10:00,104.0963855,985,1007,494,505
T16:15:00+10:00,104.0963855,981,1042,497,525
T16:15:00+10:00,104.0963855,975,958,503,532
T16:15:00+10:00,104.0963855,1027,967,497,532
T16:15:00+10:00,104.0963855,1042,949,507,534
T16:15:00+10:00,104.0963855,1028,1007,457,530
T16:15:00+10:00,104.0963855,1047,1010,450,486
T16:15:00+10:00,19.27710843,1019,1020,453,482
T16:15:00+10:00,19.27710843,1043,1016,461,469
T16:15:00+10:00,19.27710843,992,1038,430,471
T16:15:00+10:00,19.27710843,1034,1035,471,472
T16:20:00+10:00,19.27710843,1025,1054,522,464
T16:20:00+10:00,19.27710843,1024,1034,523,484
T16:20:00+10:00,19.27710843,1019,1040,526,498
T16:20:00+10:00,19.27710843,1016,1053,530,493
T16:20:00+10:00,19.27710843,1006,1051,526,490
T16:20:00+10:00,19.27710843,1036,1032,456,493
T16:20:00+10:00,19.27710843,1032,1012,455,489
T16:20:00+10:00,19.27710843,1035,1035,454,527
T16:20:00+10:00,19.27710843,1048,1028,455,533
T16:20:00+10:00,19.27710843,998,1027,468,530
T16:20:00+10:00,26.98795181,1045,1031,449,532
T16:20:00+10:00,26.98795181,1042,1031,516,530
T16:20:00+10:00,26.98795181,1030,1026,514,496
T16:20:00+10:00,26.98795181,1041,1036,522,497
T16:20:00+10:00,26.98795181,1053,1042,517,509
T16:25:00+10:00,26.98795181,979,1035,534,502
T16:25:00+10:00,26.98795181,1063,1021,514,495
T16:25:00+10:00,26.98795181,1016,986,518,500
T16:25:00+10:00,26.98795181,1031,992,516,513
T16:25:00+10:00,26.98795181,999,1005,518,514
T16:25:00+10:00,26.98795181,983,1002,513,523
T16:25:00+10:00,26.98795181,989,1005,507,523
T16:25:00+10:00,26.98795181,1013,1012,452,522
T16:25:00+10:00,26.98795181,1017,1033,453,522
T16:25:00+10:00,127.2289157,990,1026,451,513
T16:25:00+10:00,127.2289157,967,1022,450,511
T16:25:00+10:00,127.2289157,974,1019,451,505
T16:25:00+10:00,127.2289157,936,1015,453,497
T16:25:00+10:00,127.2289157,936,1028,477,498
T16:30:00+10:00,127.2289157,973,1033,480,484
T16:30:00+10:00,127.2289157,970,1038,479,473
T16:30:00+10:00,127.2289157,975,1032,480,483
T16:30:00+10:00,127.2289157,960,1028,488,492
T16:30:00+10:00,127.2289157,964,1037,513,487
T16:30:00+10:00,127.2289157,950,948,507,492
T16:30:00+10:00,127.2289157,939,952,512,498
T16:30:00+10:00,127.2289157,961,957,507,505
T16:30:00+10:00,127.2289157,999,962,507,503
T16:30:00+10:00,84.81927711,971,974,503,510
T16:30:00+10:00,84.81927711,990,965,505,508
T16:30:00+10:00,84.81927711,990,1048,502,504
T16:30:00+10:00,84.81927711,964,1052,503,507
T16:30:00+10:00,84.81927711,993,1051,501,504
T16:35:00+10:00,84.81927711,1009,1089,495,495
T16:35:00+10:00,84.81927711,1052,1098,500,491
T16:35:00+10:00,84.81927711,1056,1072,510,493
T16:35:00+10:00,84.81927711,1038,1045,503,483
T16:35:00+10:00,84.81927711,1051,1045,510,480
T16:35:00+10:00,84.81927711,1059,1020,507,500
T16:35:00+10:00,84.81927711,982,1009,508,506
T16:35:00+10:00,84.81927711,978,994,456,511
T16:35:00+10:00,84.81927711,968,1010,455,512
T16:35:00+10:00,127.2289157,974,1007,495,523
T16:35:00+10:00,127.2289157,966,1014,494,527
T16:35:00+10:00,127.2289157,961,998,497,523
T16:35:00+10:00,127.2289157,1028,1025,491,523
T16:35:00+10:00,127.2289157,1039,1017,492,520
T16:40:00+10:00,127.2289157,994,1025,493,520
T16:40:00+10:00,127.2289157,1031,998,453,509
T16:40:00+10:00,127.2289157,1011,1010,449,496
T16:40:00+10:00,127.2289157,1002,1033,451,487
T16:40:00+10:00,127.2289157,1037,1052,509,493
T16:40:00+10:00,127.2289157,1023,1037,515,489
T16:40:00+10:00,127.2289157,1022,1051,525,501
T16:40:00+10:00,127.2289157,1089,1057,526,510
T16:40:00+10:00,127.2289157,1083,1041,520,518
T16:40:00+10:00,131.0843373,1078,1040,521,516
T16:40:00+10:00,131.0843373,1007,1040,511,521
T16:40:00+10:00,131.0843373,1016,1033,511,519
T16:40:00+10:00,131.0843373,1043,1024,504,510
T16:40:00+10:00,131.0843373,949,1037,502,508
T16:40:00+10:00,131.0843373,958,1034,504,506
T16:45:00+10:00,131.0843373,976,1044,499,510
T16:45:00+10:00,131.0843373,963,1016,458,504
T16:45:00+10:00,131.0843373,949,1017,455,504
T16:45:00+10:00,131.0843373,934,1021,461,498
T16:45:00+10:00,131.0843373,934,1029,456,475
T16:45:00+10:00,131.0843373,943,1016,460,485
T16:45:00+10:00,131.0843373,999,1029,464,484
T16:45:00+10:00,131.0843373,1045,1034,465,487
T16:45:00+10:00,188.9156627,1080,1009,491,485
T16:45:00+10:00,188.9156627,1039,955,495,485
T16:45:00+10:00,188.9156627,1070,986,494,465
T16:45:00+10:00,188.9156627,1011,991,484,465
T16:45:00+10:00,188.9156627,987,1017,454,463
T16:45:00+10:00,188.9156627,998,1003,454,462
T16:50:00+10:00,188.9156627,957,1021,448,511
T16:50:00+10:00,188.9156627,947,1013,445,520
T16:50:00+10:00,188.9156627,1001,1002,439,514
T16:50:00+10:00,188.9156627,1018,1018,489,522
T16:50:00+10:00,188.9156627,1076,1033,505,519
T16:50:00+10:00,188.9156627,1062,1040,504,509
T16:50:00+10:00,188.9156627,1096,1039,504,490
T16:50:00+10:00,188.9156627,1089,1037,508,498
T16:50:00+10:00,212.0481928,1028,1047,505,497
T16:50:00+10:00,212.0481928,1031,1073,429,495
T16:50:00+10:00,212.0481928,1055,1060,426,485
T16:50:00+10:00,212.0481928,1055,1077,433,500
T16:50:00+10:00,212.0481928,1062,1062,428,503
T16:50:00+10:00,212.0481928,1087,1090,425,522
T16:55:00+10:00,212.0481928,1096,1001,466,516
T16:55:00+10:00,212.0481928,1017,1025,479,519
T16:55:00+10:00,212.0481928,1026,1008,486,513
T16:55:00+10:00,212.0481928,1044,1065,496,495
T16:55:00+10:00,212.0481928,1007,1072,494,483
T16:55:00+10:00,212.0481928,1018,1052,488,482
T16:55:00+10:00,212.0481928,1011,1025,499,471
T16:55:00+10:00,212.0481928,1009,1022,503,472
T16:55:00+10:00,196.626506,1037,1018,495,469
T16:55:00+10:00,196.626506,1093,1013,497,466
T16:55:00+10:00,196.626506,1060,1024,496,482
T16:55:00+10:00,196.626506,1046,1011,499,476
T16:55:00+10:00,196.626506,1000,1000,453,481
T16:55:00+10:00,196.626506,979,1010,452,478
T16:55:00+10:00,196.626506,987,1014,453,480
T17:00:00+10:00,196.626506,973,971,446,491
T17:00:00+10:00,196.626506,975,979,449,502
T17:00:00+10:00,196.626506,1003,975,430,503
T17:00:00+10:00,196.626506,1040,1021,428,505
T17:00:00+10:00,196.626506,1032,1044,429,506
T17:00:00+10:00,196.626506,1007,1079,432,515
T17:00:00+10:00,196.626506,1006,1092,430,517
T17:00:00+10:00,104.0963855,1022,1096,427,514
T17:00:00+10:00,104.0963855,1094,1121,496,527
T17:00:00+10:00,104.0963855,1080,1052,489,518
T17:00:00+10:00,104.0963855,1102,1041,496,511
T17:00:00+10:00,104.0963855,1097,1018,492,499
T17:00:00+10:00,104.0963855,1080,998,491,485
T17:00:00+10:00,104.0963855,1085,970,495,482
T17:05:00+10:00,104.0963855,971,1007,456,485
T17:05:00+10:00,104.0963855,980,1004,464,484
T17:05:00+10:00,104.0963855,1006,1018,490,500
T17:05:00+10:00,104.0963855,1011,986,486,504
T17:05:00+10:00,104.0963855,1001,1004,487,508
T17:05:00+10:00,104.0963855,985,988,533,504
T17:05:00+10:00,104.0963855,1033,998,540,518
T17:05:00+10:00,65.54216867,1040,1000,524,505
T17:05:00+10:00,65.54216867,1042,1040,530,451
T17:05:00+10:00,65.54216867,1031,1013,525,450
T17:05:00+10:00,65.54216867,1048,999,527,447
T17:05:00+10:00,65.54216867,1059,1012,469,445
T17:05:00+10:00,65.54216867,1112,1033,478,453
T17:05:00+10:00,65.54216867,1093,1047,478,496
T17:10:00+10:00,65.54216867,1053,1084,479,498
T17:10:00+10:00,65.54216867,1054,1099,474,512
T17:10:00+10:00,65.54216867,1055,1102,476,516
T17:10:00+10:00,65.54216867,1005,1099,503,511
T17:10:00+10:00,65.54216867,984,1107,520,513
T17:10:00+10:00,65.54216867,996,1109,512,536
T17:10:00+10:00,65.54216867,1029,1087,509,536
T17:10:00+10:00,50.12048193,1012,1078,512,524
T17:10:00+10:00,50.12048193,1019,1056,474,523
T17:10:00+10:00,50.12048193,1074,1057,477,521
T17:10:00+10:00,50.12048193,1114,996,496,534
T17:10:00+10:00,50.12048193,1096,1029,497,497
T17:10:00+10:00,50.12048193,1105,1021,493,514
T17:10:00+10:00,50.12048193,1155,1040,499,517
T17:15:00+10:00,50.12048193,1184,1037,504,517
T17:15:00+10:00,50.12048193,1026,1055,505,515
T17:15:00+10:00,50.12048193,997,1041,492,513
T17:15:00+10:00,50.12048193,1045,951,482,513
T17:15:00+10:00,50.12048193,1028,967,476,476
T17:15:00+10:00,50.12048193,996,989,477,477
T17:15:00+10:00,50.12048193,971,1037,486,470
T17:15:00+10:00,38.55421687,950,1034,491,471
T17:15:00+10:00,38.55421687,923,1020,493,495
T17:15:00+10:00,38.55421687,924,997,485,485
T17:15:00+10:00,38.55421687,943,1010,486,486
T17:15:00+10:00,38.55421687,984,988,455,490
T17:15:00+10:00,38.55421687,967,964,450,488
T17:15:00+10:00,38.55421687,998,952,455,475
T17:15:00+10:00,38.55421687,980,1041,449,479
T17:20:00+10:00,38.55421687,988,1039,452,464
T17:20:00+10:00,38.55421687,985,1076,452,468
T17:20:00+10:00,38.55421687,985,1064,501,471
T17:20:00+10:00,38.55421687,1059,1023,501,467
T17:20:00+10:00,38.55421687,1044,1045,492,461
T17:20:00+10:00,38.55421687,1107,1023,507,465
T17:20:00+10:00,30.84337349,1054,1039,502,465
T17:20:00+10:00,30.84337349,1047,1026,497,465
T17:20:00+10:00,30.84337349,1065,1006,500,464
T17:20:00+10:00,30.84337349,1108,1020,497,461
T17:20:00+10:00,30.84337349,1081,1042,499,496
T17:20:00+10:00,30.84337349,1096,971,506,508
T17:20:00+10:00,30.84337349,1073,987,496,501
T17:20:00+10:00,30.84337349,1090,953,519,502
T17:25:00+10:00,30.84337349,1050,980,522,497
T17:25:00+10:00,30.84337349,1007,960,521,490
T17:25:00+10:00,30.84337349,973,976,519,489
T17:25:00+10:00,30.84337349,956,1076,520,496
T17:25:00+10:00,30.84337349,1040,1095,528,493
T17:25:00+10:00,30.84337349,1031,1077,519,494
T17:25:00+10:00,26.98795181,1020,1110,517,488
T17:25:00+10:00,26.98795181,1036,1041,525,519
T17:25:00+10:00,26.98795181,1017,1011,522,516
T17:25:00+10:00,26.98795181,1008,1000,518,520
T17:25:00+10:00,26.98795181,970,998,475,514
T17:25:00+10:00,26.98795181,984,995,464,514
T17:25:00+10:00,26.98795181,1026,990,466,507
T17:25:00+10:00,26.98795181,1032,1002,461,478
T17:30:00+10:00,26.98795181,1025,1027,460,478
T17:30:00+10:00,26.98795181,1038,1012,471,484
T17:30:00+10:00,26.98795181,1039,1016,518,476
T17:30:00+10:00,26.98795181,973,1029,520,477
T17:30:00+10:00,26.98795181,1000,1038,532,468
T17:30:00+10:00,26.98795181,1004,1035,532,478
T17:30:00+10:00,23.13253012,1009,1004,528,473
T17:30:00+10:00,23.13253012,993,1002,528,479
T17:30:00+10:00,23.13253012,998,971,516,472
T17:30:00+10:00,23.13253012,1031,871,508,473
T17:30:00+10:00,23.13253012,1034,941,508,513
T17:30:00+10:00,23.13253012,1037,1010,507,515
T17:30:00+10:00,23.13253012,1044,1018,508,517
T17:30:00+10:00,23.13253012,1021,1018,507,530
T17:35:00+10:00,23.13253012,1033,992,512,527
T17:35:00+10:00,23.13253012,953,1010,510,515
T17:35:00+10:00,23.13253012,966,1016,508,497
T17:35:00+10:00,23.13253012,1000,1018,513,495
T17:35:00+10:00,23.13253012,956,1028,510,491
T17:35:00+10:00,23.13253012,965,1025,524,482
T17:35:00+10:00,15.42168675,965,1032,524,482
T17:35:00+10:00,15.42168675,942,1026,535,505
T17:35:00+10:00,15.42168675,970,988,534,508
T17:35:00+10:00,15.42168675,1017,996,533,504
T17:35:00+10:00,15.42168675,1039,973,514,509
T17:35:00+10:00,15.42168675,1061,1002,480,504
T17:35:00+10:00,15.42168675,978,986,470,504
T17:35:00+10:00,15.42168675,977,987,466,455
T17:35:00+10:00,15.42168675,981,1044,457,449
T17:40:00+10:00,15.42168675,972,1095,459,443
T17:40:00+10:00,15.42168675,968,1096,486,451
T17:40:00+10:00,15.42168675,946,1062,487,451
T17:40:00+10:00,15.42168675,948,1081,495,485
T17:40:00+10:00,15.42168675,1061,1039,493,490
T17:40:00+10:00,3.855421687,1114,1023,493,491
T17:40:00+10:00,3.855421687,1113,1030,495,486
T17:40:00+10:00,3.855421687,1110,1026,493,489
T17:40:00+10:00,3.855421687,1112,1026,506,490
T17:40:00+10:00,3.855421687,1041,1019,473,457
T17:40:00+10:00,3.855421687,1004,1059,468,458
T17:40:00+10:00,3.855421687,1036,1042,463,470
T17:40:00+10:00,3.855421687,989,1041,489,477
T17:40:00+10:00,3.855421687,1047,1043,496,472
T17:45:00+10:00,3.855421687,1015,1051,503,486
T17:45:00+10:00,3.855421687,1001,1048,496,514
T17:45:00+10:00,3.855421687,1009,1042,496,510
T17:45:00+10:00,3.855421687,1022,1023,502,511
T17:45:00+10:00,3.855421687,1024,1040,487,515
T17:45:00+10:00,0,998,1019,484,512
T17:45:00+10:00,0,958,1040,509,498
T17:45:00+10:00,0,976,1046,503,492
T17:45:00+10:00,0,1012,1007,501,494
T17:45:00+10:00,0,1047,974,505,495
T17:45:00+10:00,0,1024,978,505,496
T17:45:00+10:00,0,1020,990,502,497
T17:45:00+10:00,0,907,1014,487,480
T17:45:00+10:00,0,928,986,495,458
T17:50:00+10:00,0,937,990,480,458
T17:50:00+10:00,0,961,990,489,452
T17:50:00+10:00,0,910,974,492,455
T17:50:00+10:00,0,933,970,480,436
T17:50:00+10:00,0,925,953,496,435
T17:50:00+10:00,0,942,1064,491,439
T17:50:00+10:00,0,940,1032,486,440
T17:50:00+10:00,0,940,1032,498,437
T17:50:00+10:00,0,931,1020,502,438
T17:50:00+10:00,0,963,1042,502,451
T17:50:00+10:00,0,1013,1038,510,463
T17:50:00+10:00,0,999,1033,507,459
T17:50:00+10:00,0,1090,1003,480,457
T17:50:00+10:00,0,1046,1038,454,456
T17:55:00+10:00,0,1068,1021,468,458
T17:55:00+10:00,0,1015,1029,474,477
T17:55:00+10:00,0,1078,1008,468,486
T17:55:00+10:00,0,1079,1015,468,496
T17:55:00+10:00,0,1039,1029,478,493
T17:55:00+10:00,0,1020,1009,479,489
T17:55:00+10:00,0,1005,1057,461,517
T17:55:00+10:00,0,1031,1076,458,529
T17:55:00+10:00,0,1021,1009,464,535
T17:55:00+10:00,0,1028,1018,459,527
T17:55:00+10:00,0,1038,1048,437,522
T17:55:00+10:00,0,1041,965,439,524
T17:55:00+10:00,0,1001,982,450,463
T17:55:00+10:00,0,998,997,452,467
T17:55:00+10:00,0,1026,1026,452,483